Pos,Primary,Template,Posa,PosString,CompareNt,TemplateTriplet,PrimaryTriplet,TemplateAA,PrimaryAA,PosStringAA,PosStringFat
1,A,A,1,A1A,identical,ATG,ATG,M,M,M1M,A1A(M1M)
2,T,T,1,T2T,identical,ATG,ATG,M,M,M1M,T2T(M1M)
3,G,G,1,G3G,identical,ATG,ATG,M,M,M1M,G3G(M1M)
4,A,A,2,A4A,identical,AAA,AAA,K,K,K2K,A4A(K2K)
5,A,A,2,A5A,identical,AAA,AAA,K,K,K2K,A5A(K2K)
6,A,A,2,A6A,identical,AAA,AAA,K,K,K2K,A6A(K2K)
7,T,T,3,T7T,identical,TAC,TAC,Y,Y,Y3Y,T7T(Y3Y)
8,A,A,3,A8A,identical,TAC,TAC,Y,Y,Y3Y,A8A(Y3Y)
9,C,C,3,C9C,identical,TAC,TAC,Y,Y,Y3Y,C9C(Y3Y)
10,C,C,4,C10C,identical,CTA,CTA,L,L,L4L,C10C(L4L)
11,T,T,4,T11T,identical,CTA,CTA,L,L,L4L,T11T(L4L)
12,A,A,4,A12A,identical,CTA,CTA,L,L,L4L,A12A(L4L)
13,T,T,5,T13T,identical,TTG,TTG,L,L,L5L,T13T(L5L)
14,T,T,5,T14T,identical,TTG,TTG,L,L,L5L,T14T(L5L)
15,G,G,5,G15G,identical,TTG,TTG,L,L,L5L,G15G(L5L)
16,C,C,6,C16C,identical,CCT,CCT,P,P,P6P,C16C(P6P)
17,C,C,6,C17C,identical,CCT,CCT,P,P,P6P,C17C(P6P)
18,T,T,6,T18T,identical,CCT,CCT,P,P,P6P,T18T(P6P)
19,A,A,7,A19A,identical,ACG,ACG,T,T,T7T,A19A(T7T)
20,C,C,7,C20C,identical,ACG,ACG,T,T,T7T,C20C(T7T)
21,G,G,7,G21G,identical,ACG,ACG,T,T,T7T,G21G(T7T)
22,G,G,8,G22G,identical,GCA,GCA,A,A,A8A,G22G(A8A)
23,C,C,8,C23C,identical,GCA,GCA,A,A,A8A,C23C(A8A)
24,A,A,8,A24A,identical,GCA,GCA,A,A,A8A,A24A(A8A)
25,G,G,9,G25G,identical,GCC,GCC,A,A,A9A,G25G(A9A)
26,C,C,9,C26C,identical,GCC,GCC,A,A,A9A,C26C(A9A)
27,C,C,9,C27C,identical,GCC,GCC,A,A,A9A,C27C(A9A)
28,G,G,10,G28G,identical,GCT,GCT,A,A,A10A,G28G(A10A)
29,C,C,10,C29C,identical,GCT,GCT,A,A,A10A,C29C(A10A)
30,T,T,10,T30T,identical,GCT,GCT,A,A,A10A,T30T(A10A)
31,G,G,11,G31G,identical,GGA,GGA,G,G,G11G,G31G(G11G)
32,G,G,11,G32G,identical,GGA,GGA,G,G,G11G,G32G(G11G)
33,A,A,11,A33A,identical,GGA,GGA,G,G,G11G,A33A(G11G)
34,T,T,12,T34T,identical,TTG,TTG,L,L,L12L,T34T(L12L)
35,T,T,12,T35T,identical,TTG,TTG,L,L,L12L,T35T(L12L)
36,G,G,12,G36G,identical,TTG,TTG,L,L,L12L,G36G(L12L)
37,T,T,13,T37T,identical,TTA,TTA,L,L,L13L,T37T(L13L)
38,T,T,13,T38T,identical,TTA,TTA,L,L,L13L,T38T(L13L)
39,A,A,13,A39A,identical,TTA,TTA,L,L,L13L,A39A(L13L)
40,T,T,14,T40T,identical,TTA,TTA,L,L,L14L,T40T(L14L)
41,T,T,14,T41T,identical,TTA,TTA,L,L,L14L,T41T(L14L)
42,A,A,14,A42A,identical,TTA,TTA,L,L,L14L,A42A(L14L)
43,C,C,15,C43C,identical,CTC,CTC,L,L,L15L,C43C(L15L)
44,T,T,15,T44T,identical,CTC,CTC,L,L,L15L,T44T(L15L)
45,C,C,15,C45C,identical,CTC,CTC,L,L,L15L,C45C(L15L)
46,G,G,16,G46G,identical,GCG,GCG,A,A,A16A,G46G(A16A)
47,C,C,16,C47C,identical,GCG,GCG,A,A,A16A,C47C(A16A)
48,G,G,16,G48G,identical,GCG,GCG,A,A,A16A,G48G(A16A)
49,G,G,17,G49G,identical,GCC,GCC,A,A,A17A,G49G(A17A)
50,C,C,17,C50C,identical,GCC,GCC,A,A,A17A,C50C(A17A)
51,C,C,17,C51C,identical,GCC,GCC,A,A,A17A,C51C(A17A)
52,C,C,18,C52C,identical,CAG,CAG,Q,Q,Q18Q,C52C(Q18Q)
53,A,A,18,A53A,identical,CAG,CAG,Q,Q,Q18Q,A53A(Q18Q)
54,G,G,18,G54G,identical,CAG,CAG,Q,Q,Q18Q,G54G(Q18Q)
55,C,C,19,C55C,identical,CCG,CCG,P,P,P19P,C55C(P19P)
56,C,C,19,C56C,identical,CCG,CCG,P,P,P19P,C56C(P19P)
57,G,G,19,G57G,identical,CCG,CCG,P,P,P19P,G57G(P19P)
58,G,G,20,G58G,identical,GCC,GCC,A,A,A20A,G58G(A20A)
59,C,C,20,C59C,identical,GCC,GCC,A,A,A20A,C59C(A20A)
60,C,C,20,C60C,identical,GCC,GCC,A,A,A20A,C60C(A20A)
61,A,A,21,A61A,identical,ATG,ATG,M,M,M21M,A61A(M21M)
62,T,T,21,T62T,identical,ATG,ATG,M,M,M21M,T62T(M21M)
63,G,G,21,G63G,identical,ATG,ATG,M,M,M21M,G63G(M21M)
64,G,G,22,G64G,identical,GCC,GCC,A,A,A22A,G64G(A22A)
65,C,C,22,C65C,identical,GCC,GCC,A,A,A22A,C65C(A22A)
66,C,C,22,C66C,identical,GCC,GCC,A,A,A22A,C66C(A22A)
67,G,G,23,G67G,identical,GAA,GAA,E,E,E23E,G67G(E23E)
68,A,A,23,A68A,identical,GAA,GAA,E,E,E23E,A68A(E23E)
69,A,A,23,A69A,identical,GAA,GAA,E,E,E23E,A69A(E23E)
70,G,G,24,G70G,identical,GTT,GTT,V,V,V24V,G70G(V24V)
71,T,T,24,T71T,identical,GTT,GTT,V,V,V24V,T71T(V24V)
72,T,T,24,T72T,identical,GTT,GTT,V,V,V24V,T72T(V24V)
73,C,C,25,C73C,identical,CAG,CAG,Q,Q,Q25Q,C73C(Q25Q)
74,A,A,25,A74A,identical,CAG,CAG,Q,Q,Q25Q,A74A(Q25Q)
75,G,G,25,G75G,identical,CAG,CAG,Q,Q,Q25Q,G75G(Q25Q)
76,C,C,26,C76C,identical,CTG,CTG,L,L,L26L,C76C(L26L)
77,T,T,26,T77T,identical,CTG,CTG,L,L,L26L,T77T(L26L)
78,G,G,26,G78G,identical,CTG,CTG,L,L,L26L,G78G(L26L)
79,G,N,27,N79G,different,NNN,GTG,-,V,-27V,N79G(-27V)
80,T,N,27,N80T,different,NNN,GTG,-,V,-27V,N80T(-27V)
81,G,N,27,N81G,different,NNN,GTG,-,V,-27V,N81G(-27V)
82,G,G,28,G82G,identical,GAA,GAA,E,E,E28E,G82G(E28E)
83,A,A,28,A83A,identical,GAA,GAA,E,E,E28E,A83A(E28E)
84,A,A,28,A84A,identical,GAA,GAA,E,E,E28E,A84A(E28E)
85,A,A,29,A85A,identical,AGC,AGC,S,S,S29S,A85A(S29S)
86,G,G,29,G86G,identical,AGC,AGC,S,S,S29S,G86G(S29S)
87,C,C,29,C87C,identical,AGC,AGC,S,S,S29S,C87C(S29S)
88,G,G,30,G88G,identical,GGT,GGT,G,G,G30G,G88G(G30G)
89,G,G,30,G89G,identical,GGT,GGT,G,G,G30G,G89G(G30G)
90,T,T,30,T90T,identical,GGT,GGT,G,G,G30G,T90T(G30G)
91,G,G,31,G91G,identical,GGT,GGT,G,G,G31G,G91G(G31G)
92,G,G,31,G92G,identical,GGT,GGT,G,G,G31G,G92G(G31G)
93,T,T,31,T93T,identical,GGT,GGT,G,G,G31G,T93T(G31G)
94,G,G,32,G94G,identical,GGT,GGT,G,G,G32G,G94G(G32G)
95,G,G,32,G95G,identical,GGT,GGT,G,G,G32G,G95G(G32G)
96,T,T,32,T96T,identical,GGT,GGT,G,G,G32G,T96T(G32G)
97,C,C,33,C97C,identical,CTG,CTG,L,L,L33L,C97C(L33L)
98,T,T,33,T98T,identical,CTG,CTG,L,L,L33L,T98T(L33L)
99,G,G,33,G99G,identical,CTG,CTG,L,L,L33L,G99G(L33L)
100,G,G,34,G100G,identical,GTT,GTT,V,V,V34V,G100G(V34V)
101,T,T,34,T101T,identical,GTT,GTT,V,V,V34V,T101T(V34V)
102,T,T,34,T102T,identical,GTT,GTT,V,V,V34V,T102T(V34V)
103,C,C,35,C103C,identical,CAG,CAG,Q,Q,Q35Q,C103C(Q35Q)
104,A,A,35,A104A,identical,CAG,CAG,Q,Q,Q35Q,A104A(Q35Q)
105,G,G,35,G105G,identical,CAG,CAG,Q,Q,Q35Q,G105G(Q35Q)
106,C,C,36,C106C,identical,CCT,CCT,P,P,P36P,C106C(P36P)
107,C,C,36,C107C,identical,CCT,CCT,P,P,P36P,C107C(P36P)
108,T,T,36,T108T,identical,CCT,CCT,P,P,P36P,T108T(P36P)
109,G,G,37,G109G,identical,GGT,GGT,G,G,G37G,G109G(G37G)
110,G,G,37,G110G,identical,GGT,GGT,G,G,G37G,G110G(G37G)
111,T,T,37,T111T,identical,GGT,GGT,G,G,G37G,T111T(G37G)
112,G,G,38,G112G,identical,GGT,GGT,G,G,G38G,G112G(G38G)
113,G,G,38,G113G,identical,GGT,GGT,G,G,G38G,G113G(G38G)
114,T,T,38,T114T,identical,GGT,GGT,G,G,G38G,T114T(G38G)
115,A,A,39,A115A,identical,AGC,AGC,S,S,S39S,A115A(S39S)
116,G,G,39,G116G,identical,AGC,AGC,S,S,S39S,G116G(S39S)
117,C,C,39,C117C,identical,AGC,AGC,S,S,S39S,C117C(S39S)
118,C,C,40,C118C,identical,CTG,CTG,L,L,L40L,C118C(L40L)
119,T,T,40,T119T,identical,CTG,CTG,L,L,L40L,T119T(L40L)
120,G,G,40,G120G,identical,CTG,CTG,L,L,L40L,G120G(L40L)
121,C,C,41,C121C,identical,CGT,CGT,R,R,R41R,C121C(R41R)
122,G,G,41,G122G,identical,CGT,CGT,R,R,R41R,G122G(R41R)
123,T,T,41,T123T,identical,CGT,CGT,R,R,R41R,T123T(R41R)
124,C,C,42,C124C,identical,CTG,CTG,L,L,L42L,C124C(L42L)
125,T,T,42,T125T,identical,CTG,CTG,L,L,L42L,T125T(L42L)
126,G,G,42,G126G,identical,CTG,CTG,L,L,L42L,G126G(L42L)
127,A,A,43,A127A,identical,AGC,AGC,S,S,S43S,A127A(S43S)
128,G,G,43,G128G,identical,AGC,AGC,S,S,S43S,G128G(S43S)
129,C,C,43,C129C,identical,AGC,AGC,S,S,S43S,C129C(S43S)
130,T,T,44,T130T,identical,TGT,TGT,C,C,C44C,T130T(C44C)
131,G,G,44,G131G,identical,TGT,TGT,C,C,C44C,G131G(C44C)
132,T,T,44,T132T,identical,TGT,TGT,C,C,C44C,T132T(C44C)
133,G,G,45,G133G,identical,GCA,GCA,A,A,A45A,G133G(A45A)
134,C,C,45,C134C,identical,GCA,GCA,A,A,A45A,C134C(A45A)
135,A,A,45,A135A,identical,GCA,GCA,A,A,A45A,A135A(A45A)
136,G,N,46,N136G,different,NNN,GCG,-,A,-46A,N136G(-46A)
137,C,N,46,N137C,different,NNN,GCG,-,A,-46A,N137C(-46A)
138,G,N,46,N138G,different,NNN,GCG,-,A,-46A,N138G(-46A)
139,A,A,47,A139A,identical,AGC,AGC,S,S,S47S,A139A(S47S)
140,G,G,47,G140G,identical,AGC,AGC,S,S,S47S,G140G(S47S)
141,C,C,47,C141C,identical,AGC,AGC,S,S,S47S,C141C(S47S)
142,G,G,48,G142G,identical,GGT,GGT,G,G,G48G,G142G(G48G)
143,G,G,48,G143G,identical,GGT,GGT,G,G,G48G,G143G(G48G)
144,T,T,48,T144T,identical,GGT,GGT,G,G,G48G,T144T(G48G)
145,T,T,49,T145T,identical,TTT,TTT,F,F,F49F,T145T(F49F)
146,T,T,49,T146T,identical,TTT,TTT,F,F,F49F,T146T(F49F)
147,T,T,49,T147T,identical,TTT,TTT,F,F,F49F,T147T(F49F)
148,A,A,50,A148A,identical,ACC,ACC,T,T,T50T,A148A(T50T)
149,C,C,50,C149C,identical,ACC,ACC,T,T,T50T,C149C(T50T)
150,C,C,50,C150C,identical,ACC,ACC,T,T,T50T,C150C(T50T)
151,T,T,51,T151T,identical,TTT,TTT,F,F,F51F,T151T(F51F)
152,T,T,51,T152T,identical,TTT,TTT,F,F,F51F,T152T(F51F)
153,T,T,51,T153T,identical,TTT,TTT,F,F,F51F,T153T(F51F)
154,A,N,52,N154A,different,NNN,AAT,-,N,-52N,N154A(-52N)
155,A,N,52,N155A,different,NNN,AAT,-,N,-52N,N155A(-52N)
156,T,N,52,N156T,different,NNN,AAT,-,N,-52N,N156T(-52N)
157,A,A,53,A157A,identical,AGC,AGC,S,S,S53S,A157A(S53S)
158,G,G,53,G158G,identical,AGC,AGC,S,S,S53S,G158G(S53S)
159,C,C,53,C159C,identical,AGC,AGC,S,S,S53S,C159C(S53S)
160,T,T,54,T160T,identical,TTT,TTT,F,F,F54F,T160T(F54F)
161,T,T,54,T161T,identical,TTT,TTT,F,F,F54F,T161T(F54F)
162,T,T,54,T162T,identical,TTT,TTT,F,F,F54F,T162T(F54F)
163,G,G,55,G163G,identical,GCA,GCA,A,A,A55A,G163G(A55A)
164,C,C,55,C164C,identical,GCA,GCA,A,A,A55A,C164C(A55A)
165,A,A,55,A165A,identical,GCA,GCA,A,A,A55A,A165A(A55A)
166,A,A,56,A166A,identical,ATG,ATG,M,M,M56M,A166A(M56M)
167,T,T,56,T167T,identical,ATG,ATG,M,M,M56M,T167T(M56M)
168,G,G,56,G168G,identical,ATG,ATG,M,M,M56M,G168G(M56M)
169,A,A,57,A169A,identical,AGC,AGC,S,S,S57S,A169A(S57S)
170,G,G,57,G170G,identical,AGC,AGC,S,S,S57S,G170G(S57S)
171,C,C,57,C171C,identical,AGC,AGC,S,S,S57S,C171C(S57S)
172,T,T,58,T172T,identical,TGG,TGG,W,W,W58W,T172T(W58W)
173,G,G,58,G173G,identical,TGG,TGG,W,W,W58W,G173G(W58W)
174,G,G,58,G174G,identical,TGG,TGG,W,W,W58W,G174G(W58W)
175,G,G,59,G175G,identical,GTT,GTT,V,V,V59V,G175G(V59V)
176,T,T,59,T176T,identical,GTT,GTT,V,V,V59V,T176T(V59V)
177,T,T,59,T177T,identical,GTT,GTT,V,V,V59V,T177T(V59V)
178,C,C,60,C178C,identical,CGT,CGT,R,R,R60R,C178C(R60R)
179,G,G,60,G179G,identical,CGT,CGT,R,R,R60R,G179G(R60R)
180,T,T,60,T180T,identical,CGT,CGT,R,R,R60R,T180T(R60R)
181,C,C,61,C181C,identical,CAG,CAG,Q,Q,Q61Q,C181C(Q61Q)
182,A,A,61,A182A,identical,CAG,CAG,Q,Q,Q61Q,A182A(Q61Q)
183,G,G,61,G183G,identical,CAG,CAG,Q,Q,Q61Q,G183G(Q61Q)
184,G,G,62,G184G,identical,GCA,GCA,A,A,A62A,G184G(A62A)
185,C,C,62,C185C,identical,GCA,GCA,A,A,A62A,C185C(A62A)
186,A,A,62,A186A,identical,GCA,GCA,A,A,A62A,A186A(A62A)
187,C,C,63,C187C,identical,CCT,CCT,P,P,P63P,C187C(P63P)
188,C,C,63,C188C,identical,CCT,CCT,P,P,P63P,C188C(P63P)
189,T,T,63,T189T,identical,CCT,CCT,P,P,P63P,T189T(P63P)
190,G,G,64,G190G,identical,GGT,GGT,G,G,G64G,G190G(G64G)
191,G,G,64,G191G,identical,GGT,GGT,G,G,G64G,G191G(G64G)
192,T,T,64,T192T,identical,GGT,GGT,G,G,G64G,T192T(G64G)
193,A,A,65,A193A,identical,AAA,AAA,K,K,K65K,A193A(K65K)
194,A,A,65,A194A,identical,AAA,AAA,K,K,K65K,A194A(K65K)
195,A,A,65,A195A,identical,AAA,AAA,K,K,K65K,A195A(K65K)
196,G,G,66,G196G,identical,GGT,GGT,G,G,G66G,G196G(G66G)
197,G,G,66,G197G,identical,GGT,GGT,G,G,G66G,G197G(G66G)
198,T,T,66,T198T,identical,GGT,GGT,G,G,G66G,T198T(G66G)
199,C,C,67,C199C,identical,CTG,CTG,L,L,L67L,C199C(L67L)
200,T,T,67,T200T,identical,CTG,CTG,L,L,L67L,T200T(L67L)
201,G,G,67,G201G,identical,CTG,CTG,L,L,L67L,G201G(L67L)
202,G,G,68,G202G,identical,GAA,GAA,E,E,E68E,G202G(E68E)
203,A,A,68,A203A,identical,GAA,GAA,E,E,E68E,A203A(E68E)
204,A,A,68,A204A,identical,GAA,GAA,E,E,E68E,A204A(E68E)
205,T,T,69,T205T,identical,TGG,TGG,W,W,W69W,T205T(W69W)
206,G,G,69,G206G,identical,TGG,TGG,W,W,W69W,G206G(W69W)
207,G,G,69,G207G,identical,TGG,TGG,W,W,W69W,G207G(W69W)
208,G,G,70,G208G,identical,GTT,GTT,V,V,V70V,G208G(V70V)
209,T,T,70,T209T,identical,GTT,GTT,V,V,V70V,T209T(V70V)
210,T,T,70,T210T,identical,GTT,GTT,V,V,V70V,T210T(V70V)
211,A,N,71,N211A,different,NNN,AGC,-,S,-71S,N211A(-71S)
212,G,N,71,N212G,different,NNN,AGC,-,S,-71S,N212G(-71S)
213,C,N,71,N213C,different,NNN,AGC,-,S,-71S,N213C(-71S)
214,G,G,72,G214G,identical,GCA,GCA,A,A,A72A,G214G(A72A)
215,C,C,72,C215C,identical,GCA,GCA,A,A,A72A,C215C(A72A)
216,A,A,72,A216A,identical,GCA,GCA,A,A,A72A,A216A(A72A)
217,A,A,73,A217A,identical,ATT,ATT,I,I,I73I,A217A(I73I)
218,T,T,73,T218T,identical,ATT,ATT,I,I,I73I,T218T(I73I)
219,T,T,73,T219T,identical,ATT,ATT,I,I,I73I,T219T(I73I)
220,A,A,74,A220A,identical,AGC,AGC,S,S,S74S,A220A(S74S)
221,G,G,74,G221G,identical,AGC,AGC,S,S,S74S,G221G(S74S)
222,C,C,74,C222C,identical,AGC,AGC,S,S,S74S,C222C(S74S)
223,G,G,75,G223G,identical,GGT,GGT,G,G,G75G,G223G(G75G)
224,G,G,75,G224G,identical,GGT,GGT,G,G,G75G,G224G(G75G)
225,T,T,75,T225T,identical,GGT,GGT,G,G,G75G,T225T(G75G)
226,A,A,76,A226A,identical,AGT,AGT,S,S,S76S,A226A(S76S)
227,G,G,76,G227G,identical,AGT,AGT,S,S,S76S,G227G(S76S)
228,T,T,76,T228T,identical,AGT,AGT,S,S,S76S,T228T(S76S)
229,G,G,77,G229G,identical,GGT,GGT,G,G,G77G,G229G(G77G)
230,G,G,77,G230G,identical,GGT,GGT,G,G,G77G,G230G(G77G)
231,T,T,77,T231T,identical,GGT,GGT,G,G,G77G,T231T(G77G)
232,G,G,78,G232G,identical,GGT,GGT,G,G,G78G,G232G(G78G)
233,G,G,78,G233G,identical,GGT,GGT,G,G,G78G,G233G(G78G)
234,T,T,78,T234T,identical,GGT,GGT,G,G,G78G,T234T(G78G)
235,G,G,79,G235G,identical,GGC,GGC,G,G,G79G,G235G(G79G)
236,G,G,79,G236G,identical,GGC,GGC,G,G,G79G,G236G(G79G)
237,C,C,79,C237C,identical,GGC,GGC,G,G,G79G,C237C(G79G)
238,A,A,80,A238A,identical,ACC,ACC,T,T,T80T,A238A(T80T)
239,C,C,80,C239C,identical,ACC,ACC,T,T,T80T,C239C(T80T)
240,C,C,80,C240C,identical,ACC,ACC,T,T,T80T,C240C(T80T)
241,T,T,81,T241T,identical,TAT,TAT,Y,Y,Y81Y,T241T(Y81Y)
242,A,A,81,A242A,identical,TAT,TAT,Y,Y,Y81Y,A242A(Y81Y)
243,T,T,81,T243T,identical,TAT,TAT,Y,Y,Y81Y,T243T(Y81Y)
244,T,T,82,T244T,identical,TAT,TAT,Y,Y,Y82Y,T244T(Y82Y)
245,A,A,82,A245A,identical,TAT,TAT,Y,Y,Y82Y,A245A(Y82Y)
246,T,T,82,T246T,identical,TAT,TAT,Y,Y,Y82Y,T246T(Y82Y)
247,G,G,83,G247G,identical,GCA,GCA,A,A,A83A,G247G(A83A)
248,C,C,83,C248C,identical,GCA,GCA,A,A,A83A,C248C(A83A)
249,A,A,83,A249A,identical,GCA,GCA,A,A,A83A,A249A(A83A)
250,G,G,84,G250G,identical,GAT,GAT,D,D,D84D,G250G(D84D)
251,A,A,84,A251A,identical,GAT,GAT,D,D,D84D,A251A(D84D)
252,T,T,84,T252T,identical,GAT,GAT,D,D,D84D,T252T(D84D)
253,A,A,85,A253A,identical,AGC,AGC,S,S,S85S,A253A(S85S)
254,G,G,85,G254G,identical,AGC,AGC,S,S,S85S,G254G(S85S)
255,C,C,85,C255C,identical,AGC,AGC,S,S,S85S,C255C(S85S)
256,G,G,86,G256G,identical,GTT,GTT,V,V,V86V,G256G(V86V)
257,T,T,86,T257T,identical,GTT,GTT,V,V,V86V,T257T(V86V)
258,T,T,86,T258T,identical,GTT,GTT,V,V,V86V,T258T(V86V)
259,A,A,87,A259A,identical,AAA,AAA,K,K,K87K,A259A(K87K)
260,A,A,87,A260A,identical,AAA,AAA,K,K,K87K,A260A(K87K)
261,A,A,87,A261A,identical,AAA,AAA,K,K,K87K,A261A(K87K)
262,G,G,88,G262G,identical,GGT,GGT,G,G,G88G,G262G(G88G)
263,G,G,88,G263G,identical,GGT,GGT,G,G,G88G,G263G(G88G)
264,T,T,88,T264T,identical,GGT,GGT,G,G,G88G,T264T(G88G)
265,C,C,89,C265C,identical,CGT,CGT,R,R,R89R,C265C(R89R)
266,G,G,89,G266G,identical,CGT,CGT,R,R,R89R,G266G(R89R)
267,T,T,89,T267T,identical,CGT,CGT,R,R,R89R,T267T(R89R)
268,T,T,90,T268T,identical,TTT,TTT,F,F,F90F,T268T(F90F)
269,T,T,90,T269T,identical,TTT,TTT,F,F,F90F,T269T(F90F)
270,T,T,90,T270T,identical,TTT,TTT,F,F,F90F,T270T(F90F)
271,A,A,91,A271A,identical,ACC,ACC,T,T,T91T,A271A(T91T)
272,C,C,91,C272C,identical,ACC,ACC,T,T,T91T,C272C(T91T)
273,C,C,91,C273C,identical,ACC,ACC,T,T,T91T,C273C(T91T)
274,A,A,92,A274A,identical,ATT,ATT,I,I,I92I,A274A(I92I)
275,T,T,92,T275T,identical,ATT,ATT,I,I,I92I,T275T(I92I)
276,T,T,92,T276T,identical,ATT,ATT,I,I,I92I,T276T(I92I)
277,A,A,93,A277A,identical,AGC,AGC,S,S,S93S,A277A(S93S)
278,G,G,93,G278G,identical,AGC,AGC,S,S,S93S,G278G(S93S)
279,C,C,93,C279C,identical,AGC,AGC,S,S,S93S,C279C(S93S)
280,C,C,94,C280C,identical,CGT,CGT,R,R,R94R,C280C(R94R)
281,G,G,94,G281G,identical,CGT,CGT,R,R,R94R,G281G(R94R)
282,T,T,94,T282T,identical,CGT,CGT,R,R,R94R,T282T(R94R)
283,G,G,95,G283G,identical,GAT,GAT,D,D,D95D,G283G(D95D)
284,A,A,95,A284A,identical,GAT,GAT,D,D,D95D,A284A(D95D)
285,T,T,95,T285T,identical,GAT,GAT,D,D,D95D,T285T(D95D)
286,A,A,96,A286A,identical,AAC,AAC,N,N,N96N,A286A(N96N)
287,A,A,96,A287A,identical,AAC,AAC,N,N,N96N,A287A(N96N)
288,C,C,96,C288C,identical,AAC,AAC,N,N,N96N,C288C(N96N)
289,A,A,97,A289A,identical,AGC,AGC,S,S,S97S,A289A(S97S)
290,G,G,97,G290G,identical,AGC,AGC,S,S,S97S,G290G(S97S)
291,C,C,97,C291C,identical,AGC,AGC,S,S,S97S,C291C(S97S)
292,A,A,98,A292A,identical,AAA,AAA,K,K,K98K,A292A(K98K)
293,A,A,98,A293A,identical,AAA,AAA,K,K,K98K,A293A(K98K)
294,A,A,98,A294A,identical,AAA,AAA,K,K,K98K,A294A(K98K)
295,A,A,99,A295A,identical,AAT,AAT,N,N,N99N,A295A(N99N)
296,A,A,99,A296A,identical,AAT,AAT,N,N,N99N,A296A(N99N)
297,T,T,99,T297T,identical,AAT,AAT,N,N,N99N,T297T(N99N)
298,A,A,100,A298A,identical,ACC,ACC,T,T,T100T,A298A(T100T)
299,C,C,100,C299C,identical,ACC,ACC,T,T,T100T,C299C(T100T)
300,C,C,100,C300C,identical,ACC,ACC,T,T,T100T,C300C(T100T)
301,C,C,101,C301C,identical,CTG,CTG,L,L,L101L,C301C(L101L)
302,T,T,101,T302T,identical,CTG,CTG,L,L,L101L,T302T(L101L)
303,G,G,101,G303G,identical,CTG,CTG,L,L,L101L,G303G(L101L)
304,T,T,102,T304T,identical,TAC,TAC,Y,Y,Y102Y,T304T(Y102Y)
305,A,A,102,A305A,identical,TAC,TAC,Y,Y,Y102Y,A305A(Y102Y)
306,C,C,102,C306C,identical,TAC,TAC,Y,Y,Y102Y,C306C(Y102Y)
307,C,C,103,C307C,identical,CTG,CTG,L,L,L103L,C307C(L103L)
308,T,T,103,T308T,identical,CTG,CTG,L,L,L103L,T308T(L103L)
309,G,G,103,G309G,identical,CTG,CTG,L,L,L103L,G309G(L103L)
310,C,C,104,C310C,identical,CAG,CAG,Q,Q,Q104Q,C310C(Q104Q)
311,A,A,104,A311A,identical,CAG,CAG,Q,Q,Q104Q,A311A(Q104Q)
312,G,G,104,G312G,identical,CAG,CAG,Q,Q,Q104Q,G312G(Q104Q)
313,A,A,105,A313A,identical,ATG,ATG,M,M,M105M,A313A(M105M)
314,T,T,105,T314T,identical,ATG,ATG,M,M,M105M,T314T(M105M)
315,G,G,105,G315G,identical,ATG,ATG,M,M,M105M,G315G(M105M)
316,A,A,106,A316A,identical,AAT,AAT,N,N,N106N,A316A(N106N)
317,A,A,106,A317A,identical,AAT,AAT,N,N,N106N,A317A(N106N)
318,T,T,106,T318T,identical,AAT,AAT,N,N,N106N,T318T(N106N)
319,A,A,107,A319A,identical,AGT,AGT,S,S,S107S,A319A(S107S)
320,G,G,107,G320G,identical,AGT,AGT,S,S,S107S,G320G(S107S)
321,T,T,107,T321T,identical,AGT,AGT,S,S,S107S,T321T(S107S)
322,C,C,108,C322C,identical,CTG,CTG,L,L,L108L,C322C(L108L)
323,T,T,108,T323T,identical,CTG,CTG,L,L,L108L,T323T(L108L)
324,G,G,108,G324G,identical,CTG,CTG,L,L,L108L,G324G(L108L)
325,T,C,109,C325T,different,CGT,TGT,R,C,R109C,C325T(R109C)
326,G,G,109,G326G,identical,CGT,TGT,R,C,R109C,G326G(R109C)
327,T,T,109,T327T,identical,CGT,TGT,R,C,R109C,T327T(R109C)
328,G,G,110,G328G,identical,GCA,GCA,A,A,A110A,G328G(A110A)
329,C,C,110,C329C,identical,GCA,GCA,A,A,A110A,C329C(A110A)
330,A,A,110,A330A,identical,GCA,GCA,A,A,A110A,A330A(A110A)
331,G,G,111,G331G,identical,GAG,GAG,E,E,E111E,G331G(E111E)
332,A,A,111,A332A,identical,GAG,GAG,E,E,E111E,A332A(E111E)
333,G,G,111,G333G,identical,GAG,GAG,E,E,E111E,G333G(E111E)
334,G,G,112,G334G,identical,GAT,GAT,D,D,D112D,G334G(D112D)
335,A,A,112,A335A,identical,GAT,GAT,D,D,D112D,A335A(D112D)
336,T,T,112,T336T,identical,GAT,GAT,D,D,D112D,T336T(D112D)
337,A,A,113,A337A,identical,ACC,ACC,T,T,T113T,A337A(T113T)
338,C,C,113,C338C,identical,ACC,ACC,T,T,T113T,C338C(T113T)
339,C,C,113,C339C,identical,ACC,ACC,T,T,T113T,C339C(T113T)
340,G,G,114,G340G,identical,GCA,GCA,A,A,A114A,G340G(A114A)
341,C,C,114,C341C,identical,GCA,GCA,A,A,A114A,C341C(A114A)
342,A,A,114,A342A,identical,GCA,GCA,A,A,A114A,A342A(A114A)
343,G,G,115,G343G,identical,GTG,GTG,V,V,V115V,G343G(V115V)
344,T,T,115,T344T,identical,GTG,GTG,V,V,V115V,T344T(V115V)
345,G,G,115,G345G,identical,GTG,GTG,V,V,V115V,G345G(V115V)
346,T,T,116,T346T,identical,TAT,TAT,Y,Y,Y116Y,T346T(Y116Y)
347,A,A,116,A347A,identical,TAT,TAT,Y,Y,Y116Y,A347A(Y116Y)
348,T,T,116,T348T,identical,TAT,TAT,Y,Y,Y116Y,T348T(Y116Y)
349,T,N,117,N349T,different,NNN,TTT,-,F,-117F,N349T(-117F)
350,T,N,117,N350T,different,NNN,TTT,-,F,-117F,N350T(-117F)
351,T,N,117,N351T,different,NNN,TTT,-,F,-117F,N351T(-117F)
352,T,T,118,T352T,identical,TGT,TGT,C,C,C118C,T352T(C118C)
353,G,G,118,G353G,identical,TGT,TGT,C,C,C118C,G353G(C118C)
354,T,T,118,T354T,identical,TGT,TGT,C,C,C118C,T354T(C118C)
355,G,G,119,G355G,identical,GCC,GCC,A,A,A119A,G355G(A119A)
356,C,C,119,C356C,identical,GCC,GCC,A,A,A119A,C356C(A119A)
357,C,C,119,C357C,identical,GCC,GCC,A,A,A119A,C357C(A119A)
358,C,N,120,N358C,different,NNN,CGC,-,R,-120R,N358C(-120R)
359,G,N,120,N359G,different,NNN,CGC,-,R,-120R,N359G(-120R)
360,C,N,120,N360C,different,NNN,CGC,-,R,-120R,N360C(-120R)
361,G,G,121,G361G,identical,GAT,GAT,D,D,D121D,G361G(D121D)
362,A,A,121,A362A,identical,GAT,GAT,D,D,D121D,A362A(D121D)
363,T,T,121,T363T,identical,GAT,GAT,D,D,D121D,T363T(D121D)
364,A,A,122,A364A,identical,AAA,AAA,K,K,K122K,A364A(K122K)
365,A,A,122,A365A,identical,AAA,AAA,K,K,K122K,A365A(K122K)
366,A,A,122,A366A,identical,AAA,AAA,K,K,K122K,A366A(K122K)
367,A,A,123,A367A,identical,ATT,ATT,I,I,I123I,A367A(I123I)
368,T,T,123,T368T,identical,ATT,ATT,I,I,I123I,T368T(I123I)
369,T,T,123,T369T,identical,ATT,ATT,I,I,I123I,T369T(I123I)
370,C,C,124,C370C,identical,CTG,CTG,L,L,L124L,C370C(L124L)
371,T,T,124,T371T,identical,CTG,CTG,L,L,L124L,T371T(L124L)
372,G,G,124,G372G,identical,CTG,CTG,L,L,L124L,G372G(L124L)
373,T,T,125,T373T,identical,TGG,TGG,W,W,W125W,T373T(W125W)
374,G,G,125,G374G,identical,TGG,TGG,W,W,W125W,G374G(W125W)
375,G,G,125,G375G,identical,TGG,TGG,W,W,W125W,G375G(W125W)
376,T,T,126,T376T,identical,TTT,TTT,F,F,F126F,T376T(F126F)
377,T,T,126,T377T,identical,TTT,TTT,F,F,F126F,T377T(F126F)
378,T,T,126,T378T,identical,TTT,TTT,F,F,F126F,T378T(F126F)
379,G,G,127,G379G,identical,GGC,GGC,G,G,G127G,G379G(G127G)
380,G,G,127,G380G,identical,GGC,GGC,G,G,G127G,G380G(G127G)
381,C,C,127,C381C,identical,GGC,GGC,G,G,G127G,C381C(G127G)
382,G,G,128,G382G,identical,GAA,GAA,E,E,E128E,G382G(E128E)
383,A,A,128,A383A,identical,GAA,GAA,E,E,E128E,A383A(E128E)
384,A,A,128,A384A,identical,GAA,GAA,E,E,E128E,A384A(E128E)
385,C,C,129,C385C,identical,CCG,CCG,P,P,P129P,C385C(P129P)
386,C,C,129,C386C,identical,CCG,CCG,P,P,P129P,C386C(P129P)
387,G,G,129,G387G,identical,CCG,CCG,P,P,P129P,G387G(P129P)
388,G,G,130,G388G,identical,GTG,GTG,V,V,V130V,G388G(V130V)
389,T,T,130,T389T,identical,GTG,GTG,V,V,V130V,T389T(V130V)
390,G,G,130,G390G,identical,GTG,GTG,V,V,V130V,G390G(V130V)
391,T,T,131,T391T,identical,TTT,TTT,F,F,F131F,T391T(F131F)
392,T,T,131,T392T,identical,TTT,TTT,F,F,F131F,T392T(F131F)
393,T,T,131,T393T,identical,TTT,TTT,F,F,F131F,T393T(F131F)
394,G,G,132,G394G,identical,GAT,GAT,D,D,D132D,G394G(D132D)
395,A,A,132,A395A,identical,GAT,GAT,D,D,D132D,A395A(D132D)
396,T,T,132,T396T,identical,GAT,GAT,D,D,D132D,T396T(D132D)
397,T,T,133,T397T,identical,TAT,TAT,Y,Y,Y133Y,T397T(Y133Y)
398,A,A,133,A398A,identical,TAT,TAT,Y,Y,Y133Y,A398A(Y133Y)
399,T,T,133,T399T,identical,TAT,TAT,Y,Y,Y133Y,T399T(Y133Y)
400,T,T,134,T400T,identical,TGG,TGG,W,W,W134W,T400T(W134W)
401,G,G,134,G401G,identical,TGG,TGG,W,W,W134W,G401G(W134W)
402,G,G,134,G402G,identical,TGG,TGG,W,W,W134W,G402G(W134W)
403,G,G,135,G403G,identical,GGT,GGT,G,G,G135G,G403G(G135G)
404,G,G,135,G404G,identical,GGT,GGT,G,G,G135G,G404G(G135G)
405,T,T,135,T405T,identical,GGT,GGT,G,G,G135G,T405T(G135G)
406,C,C,136,C406C,identical,CAG,CAG,Q,Q,Q136Q,C406C(Q136Q)
407,A,A,136,A407A,identical,CAG,CAG,Q,Q,Q136Q,A407A(Q136Q)
408,G,G,136,G408G,identical,CAG,CAG,Q,Q,Q136Q,G408G(Q136Q)
409,G,G,137,G409G,identical,GGC,GGC,G,G,G137G,G409G(G137G)
410,G,G,137,G410G,identical,GGC,GGC,G,G,G137G,G410G(G137G)
411,C,C,137,C411C,identical,GGC,GGC,G,G,G137G,C411C(G137G)
412,A,A,138,A412A,identical,ACC,ACC,T,T,T138T,A412A(T138T)
413,C,C,138,C413C,identical,ACC,ACC,T,T,T138T,C413C(T138T)
414,C,C,138,C414C,identical,ACC,ACC,T,T,T138T,C414C(T138T)
415,C,C,139,C415C,identical,CTG,CTG,L,L,L139L,C415C(L139L)
416,T,T,139,T416T,identical,CTG,CTG,L,L,L139L,T416T(L139L)
417,G,G,139,G417G,identical,CTG,CTG,L,L,L139L,G417G(L139L)
418,G,G,140,G418G,identical,GTT,GTT,V,V,V140V,G418G(V140V)
419,T,T,140,T419T,identical,GTT,GTT,V,V,V140V,T419T(V140V)
420,T,T,140,T420T,identical,GTT,GTT,V,V,V140V,T420T(V140V)
421,A,A,141,A421A,identical,ACC,ACC,T,T,T141T,A421A(T141T)
422,C,C,141,C422C,identical,ACC,ACC,T,T,T141T,C422C(T141T)
423,C,C,141,C423C,identical,ACC,ACC,T,T,T141T,C423C(T141T)
424,G,G,142,G424G,identical,GTT,GTT,V,V,V142V,G424G(V142V)
425,T,T,142,T425T,identical,GTT,GTT,V,V,V142V,T425T(V142V)
426,T,T,142,T426T,identical,GTT,GTT,V,V,V142V,T426T(V142V)
427,A,A,143,A427A,identical,AGC,AGC,S,S,S143S,A427A(S143S)
428,G,G,143,G428G,identical,AGC,AGC,S,S,S143S,G428G(S143S)
429,C,C,143,C429C,identical,AGC,AGC,S,S,S143S,C429C(S143S)
430,A,A,144,A430A,identical,AGC,AGC,S,S,S144S,A430A(S144S)
431,G,G,144,G431G,identical,AGC,AGC,S,S,S144S,G431G(S144S)
432,C,C,144,C432C,identical,AGC,AGC,S,S,S144S,C432C(S144S)
433,G,G,145,G433G,identical,GCA,GCA,A,A,A145A,G433G(A145A)
434,C,C,145,C434C,identical,GCA,GCA,A,A,A145A,C434C(A145A)
435,A,A,145,A435A,identical,GCA,GCA,A,A,A145A,A435A(A145A)
436,G,G,146,G436G,identical,GCC,GCC,A,A,A146A,G436G(A146A)
437,C,C,146,C437C,identical,GCC,GCC,A,A,A146A,C437C(A146A)
438,C,C,146,C438C,identical,GCC,GCC,A,A,A146A,C438C(A146A)
439,G,G,147,G439G,identical,GGT,GGT,G,G,G147G,G439G(G147G)
440,G,G,147,G440G,identical,GGT,GGT,G,G,G147G,G440G(G147G)
441,T,T,147,T441T,identical,GGT,GGT,G,G,G147G,T441T(G147G)
442,G,G,148,G442G,identical,GGT,GGT,G,G,G148G,G442G(G148G)
443,G,G,148,G443G,identical,GGT,GGT,G,G,G148G,G443G(G148G)
444,T,T,148,T444T,identical,GGT,GGT,G,G,G148G,T444T(G148G)
445,G,G,149,G445G,identical,GGC,GGC,G,G,G149G,G445G(G149G)
446,G,G,149,G446G,identical,GGC,GGC,G,G,G149G,G446G(G149G)
447,C,C,149,C447C,identical,GGC,GGC,G,G,G149G,C447C(G149G)
448,G,G,150,G448G,identical,GGT,GGT,G,G,G150G,G448G(G150G)
449,G,G,150,G449G,identical,GGT,GGT,G,G,G150G,G449G(G150G)
450,T,T,150,T450T,identical,GGT,GGT,G,G,G150G,T450T(G150G)
451,A,A,151,A451A,identical,AGC,AGC,S,S,S151S,A451A(S151S)
452,G,G,151,G452G,identical,AGC,AGC,S,S,S151S,G452G(S151S)
453,C,C,151,C453C,identical,AGC,AGC,S,S,S151S,C453C(S151S)
454,G,G,152,G454G,identical,GGT,GGT,G,G,G152G,G454G(G152G)
455,G,G,152,G455G,identical,GGT,GGT,G,G,G152G,G455G(G152G)
456,T,T,152,T456T,identical,GGT,GGT,G,G,G152G,T456T(G152G)
457,G,G,153,G457G,identical,GGC,GGC,G,G,G153G,G457G(G153G)
458,G,G,153,G458G,identical,GGC,GGC,G,G,G153G,G458G(G153G)
459,C,C,153,C459C,identical,GGC,GGC,G,G,G153G,C459C(G153G)
460,G,G,154,G460G,identical,GGT,GGT,G,G,G154G,G460G(G154G)
461,G,G,154,G461G,identical,GGT,GGT,G,G,G154G,G461G(G154G)
462,T,T,154,T462T,identical,GGT,GGT,G,G,G154G,T462T(G154G)
463,G,G,155,G463G,identical,GGA,GGA,G,G,G155G,G463G(G155G)
464,G,G,155,G464G,identical,GGA,GGA,G,G,G155G,G464G(G155G)
465,A,A,155,A465A,identical,GGA,GGA,G,G,G155G,A465A(G155G)
466,A,A,156,A466A,identical,AGC,AGC,S,S,S156S,A466A(S156S)
467,G,G,156,G467G,identical,AGC,AGC,S,S,S156S,G467G(S156S)
468,C,C,156,C468C,identical,AGC,AGC,S,S,S156S,C468C(S156S)
469,G,G,157,G469G,identical,GGA,GGA,G,G,G157G,G469G(G157G)
470,G,G,157,G470G,identical,GGA,GGA,G,G,G157G,G470G(G157G)
471,A,A,157,A471A,identical,GGA,GGA,G,G,G157G,A471A(G157G)
472,G,G,158,G472G,identical,GGT,GGT,G,G,G158G,G472G(G158G)
473,G,G,158,G473G,identical,GGT,GGT,G,G,G158G,G473G(G158G)
474,T,T,158,T474T,identical,GGT,GGT,G,G,G158G,T474T(G158G)
475,G,G,159,G475G,identical,GGT,GGT,G,G,G159G,G475G(G159G)
476,G,G,159,G476G,identical,GGT,GGT,G,G,G159G,G476G(G159G)
477,T,T,159,T477T,identical,GGT,GGT,G,G,G159G,T477T(G159G)
478,G,G,160,G478G,identical,GGT,GGT,G,G,G160G,G478G(G160G)
479,G,G,160,G479G,identical,GGT,GGT,G,G,G160G,G479G(G160G)
480,T,T,160,T480T,identical,GGT,GGT,G,G,G160G,T480T(G160G)
481,A,A,161,A481A,identical,AGT,AGT,S,S,S161S,A481A(S161S)
482,G,G,161,G482G,identical,AGT,AGT,S,S,S161S,G482G(S161S)
483,T,T,161,T483T,identical,AGT,AGT,S,S,S161S,T483T(S161S)
484,C,N,162,N484C,different,NNN,CAG,-,Q,-162Q,N484C(-162Q)
485,A,N,162,N485A,different,NNN,CAG,-,Q,-162Q,N485A(-162Q)
486,G,N,162,N486G,different,NNN,CAG,-,Q,-162Q,N486G(-162Q)
487,A,A,163,A487A,identical,ATT,ATT,I,I,I163I,A487A(I163I)
488,T,T,163,T488T,identical,ATT,ATT,I,I,I163I,T488T(I163I)
489,T,T,163,T489T,identical,ATT,ATT,I,I,I163I,T489T(I163I)
490,G,G,164,G490G,identical,GTT,GTT,V,V,V164V,G490G(V164V)
491,T,T,164,T491T,identical,GTT,GTT,V,V,V164V,T491T(V164V)
492,T,T,164,T492T,identical,GTT,GTT,V,V,V164V,T492T(V164V)
493,C,C,165,C493C,identical,CTG,CTG,L,L,L165L,C493C(L165L)
494,T,T,165,T494T,identical,CTG,CTG,L,L,L165L,T494T(L165L)
495,G,G,165,G495G,identical,CTG,CTG,L,L,L165L,G495G(L165L)
496,A,A,166,A496A,identical,ACC,ACC,T,T,T166T,A496A(T166T)
497,C,C,166,C497C,identical,ACC,ACC,T,T,T166T,C497C(T166T)
498,C,C,166,C498C,identical,ACC,ACC,T,T,T166T,C498C(T166T)
499,C,C,167,C499C,identical,CAG,CAG,Q,Q,Q167Q,C499C(Q167Q)
500,A,A,167,A500A,identical,CAG,CAG,Q,Q,Q167Q,A500A(Q167Q)
501,G,G,167,G501G,identical,CAG,CAG,Q,Q,Q167Q,G501G(Q167Q)
502,A,A,168,A502A,identical,AGT,AGT,S,S,S168S,A502A(S168S)
503,G,G,168,G503G,identical,AGT,AGT,S,S,S168S,G503G(S168S)
504,T,T,168,T504T,identical,AGT,AGT,S,S,S168S,T504T(S168S)
505,C,C,169,C505C,identical,CCG,CCG,P,P,P169P,C505C(P169P)
506,C,C,169,C506C,identical,CCG,CCG,P,P,P169P,C506C(P169P)
507,G,G,169,G507G,identical,CCG,CCG,P,P,P169P,G507G(P169P)
508,A,N,170,N508A,different,NNN,AGC,-,S,-170S,N508A(-170S)
509,G,N,170,N509G,different,NNN,AGC,-,S,-170S,N509G(-170S)
510,C,N,170,N510C,different,NNN,AGC,-,S,-170S,N510C(-170S)
511,A,A,171,A511A,identical,ACA,ACA,T,T,T171T,A511A(T171T)
512,C,C,171,C512C,identical,ACA,ACA,T,T,T171T,C512C(T171T)
513,A,A,171,A513A,identical,ACA,ACA,T,T,T171T,A513A(T171T)
514,C,C,172,C514C,identical,CTG,CTG,L,L,L172L,C514C(L172L)
515,T,T,172,T515T,identical,CTG,CTG,L,L,L172L,T515T(L172L)
516,G,G,172,G516G,identical,CTG,CTG,L,L,L172L,G516G(L172L)
517,A,A,173,A517A,identical,AGC,AGC,S,S,S173S,A517A(S173S)
518,G,G,173,G518G,identical,AGC,AGC,S,S,S173S,G518G(S173S)
519,C,C,173,C519C,identical,AGC,AGC,S,S,S173S,C519C(S173S)
520,C,N,174,N520C,different,NNN,CTG,-,L,-174L,N520C(-174L)
521,T,N,174,N521T,different,NNN,CTG,-,L,-174L,N521T(-174L)
522,G,N,174,N522G,different,NNN,CTG,-,L,-174L,N522G(-174L)
523,A,A,175,A523A,identical,AGT,AGT,S,S,S175S,A523A(S175S)
524,G,G,175,G524G,identical,AGT,AGT,S,S,S175S,G524G(S175S)
525,T,T,175,T525T,identical,AGT,AGT,S,S,S175S,T525T(S175S)
526,C,C,176,C526C,identical,CCG,CCG,P,P,P176P,C526C(P176P)
527,C,C,176,C527C,identical,CCG,CCG,P,P,P176P,C527C(P176P)
528,G,G,176,G528G,identical,CCG,CCG,P,P,P176P,G528G(P176P)
529,G,G,177,G529G,identical,GGT,GGT,G,G,G177G,G529G(G177G)
530,G,G,177,G530G,identical,GGT,GGT,G,G,G177G,G530G(G177G)
531,T,T,177,T531T,identical,GGT,GGT,G,G,G177G,T531T(G177G)
532,C,N,178,N532C,different,NNN,CAG,-,Q,-178Q,N532C(-178Q)
533,A,N,178,N533A,different,NNN,CAG,-,Q,-178Q,N533A(-178Q)
534,G,N,178,N534G,different,NNN,CAG,-,Q,-178Q,N534G(-178Q)
535,C,C,179,C535C,identical,CGT,CGT,R,R,R179R,C535C(R179R)
536,G,G,179,G536G,identical,CGT,CGT,R,R,R179R,G536G(R179R)
537,T,T,179,T537T,identical,CGT,CGT,R,R,R179R,T537T(R179R)
538,G,G,180,G538G,identical,GCA,GCA,A,A,A180A,G538G(A180A)
539,C,C,180,C539C,identical,GCA,GCA,A,A,A180A,C539C(A180A)
540,A,A,180,A540A,identical,GCA,GCA,A,A,A180A,A540A(A180A)
541,A,A,181,A541A,identical,ACC,ACC,T,T,T181T,A541A(T181T)
542,C,C,181,C542C,identical,ACC,ACC,T,T,T181T,C542C(T181T)
543,C,C,181,C543C,identical,ACC,ACC,T,T,T181T,C543C(T181T)
544,A,N,182,N544A,different,NNN,ATT,-,I,-182I,N544A(-182I)
545,T,N,182,N545T,different,NNN,ATT,-,I,-182I,N545T(-182I)
546,T,N,182,N546T,different,NNN,ATT,-,I,-182I,N546T(-182I)
547,A,A,183,A547A,identical,AGC,AGC,S,S,S183S,A547A(S183S)
548,G,G,183,G548G,identical,AGC,AGC,S,S,S183S,G548G(S183S)
549,C,C,183,C549C,identical,AGC,AGC,S,S,S183S,C549C(S183S)
550,T,T,184,T550T,identical,TGT,TGT,C,C,C184C,T550T(C184C)
551,G,G,184,G551G,identical,TGT,TGT,C,C,C184C,G551G(C184C)
552,T,T,184,T552T,identical,TGT,TGT,C,C,C184C,T552T(C184C)
553,C,C,185,C553C,identical,CGT,CGT,R,R,R185R,C553C(R185R)
554,G,G,185,G554G,identical,CGT,CGT,R,R,R185R,G554G(R185R)
555,T,T,185,T555T,identical,CGT,CGT,R,R,R185R,T555T(R185R)
556,G,G,186,G556G,identical,GCA,GCA,A,A,A186A,G556G(A186A)
557,C,C,186,C557C,identical,GCA,GCA,A,A,A186A,C557C(A186A)
558,A,A,186,A558A,identical,GCA,GCA,A,A,A186A,A558A(A186A)
559,A,A,187,A559A,identical,AGC,AGC,S,S,S187S,A559A(S187S)
560,G,G,187,G560G,identical,AGC,AGC,S,S,S187S,G560G(S187S)
561,C,C,187,C561C,identical,AGC,AGC,S,S,S187S,C561C(S187S)
562,C,C,188,C562C,identical,CAG,CAG,Q,Q,Q188Q,C562C(Q188Q)
563,A,A,188,A563A,identical,CAG,CAG,Q,Q,Q188Q,A563A(Q188Q)
564,G,G,188,G564G,identical,CAG,CAG,Q,Q,Q188Q,G564G(Q188Q)
565,A,A,189,A565A,identical,AGC,AGC,S,S,S189S,A565A(S189S)
566,G,G,189,G566G,identical,AGC,AGC,S,S,S189S,G566G(S189S)
567,C,C,189,C567C,identical,AGC,AGC,S,S,S189S,C567C(S189S)
568,G,G,190,G568G,identical,GTG,GTG,V,V,V190V,G568G(V190V)
569,T,T,190,T569T,identical,GTG,GTG,V,V,V190V,T569T(V190V)
570,G,G,190,G570G,identical,GTG,GTG,V,V,V190V,G570G(V190V)
571,A,A,191,A571A,identical,AGC,AGC,S,S,S191S,A571A(S191S)
572,G,G,191,G572G,identical,AGC,AGC,S,S,S191S,G572G(S191S)
573,C,C,191,C573C,identical,AGC,AGC,S,S,S191S,C573C(S191S)
574,A,A,192,A574A,identical,AGC,AGC,S,S,S192S,A574A(S192S)
575,G,G,192,G575G,identical,AGC,AGC,S,S,S192S,G575G(S192S)
576,C,C,192,C576C,identical,AGC,AGC,S,S,S192S,C576C(S192S)
577,T,T,193,T577T,identical,TAT,TAT,Y,Y,Y193Y,T577T(Y193Y)
578,A,A,193,A578A,identical,TAT,TAT,Y,Y,Y193Y,A578A(Y193Y)
579,T,T,193,T579T,identical,TAT,TAT,Y,Y,Y193Y,T579T(Y193Y)
580,C,C,194,C580C,identical,CTG,CTG,L,L,L194L,C580C(L194L)
581,T,T,194,T581T,identical,CTG,CTG,L,L,L194L,T581T(L194L)
582,G,G,194,G582G,identical,CTG,CTG,L,L,L194L,G582G(L194L)
583,G,G,195,G583G,identical,GCA,GCA,A,A,A195A,G583G(A195A)
584,C,C,195,C584C,identical,GCA,GCA,A,A,A195A,C584C(A195A)
585,A,A,195,A585A,identical,GCA,GCA,A,A,A195A,A585A(A195A)
586,T,T,196,T586T,identical,TGG,TGG,W,W,W196W,T586T(W196W)
587,G,G,196,G587G,identical,TGG,TGG,W,W,W196W,G587G(W196W)
588,G,G,196,G588G,identical,TGG,TGG,W,W,W196W,G588G(W196W)
589,T,T,197,T589T,identical,TAT,TAT,Y,Y,Y197Y,T589T(Y197Y)
590,A,A,197,A590A,identical,TAT,TAT,Y,Y,Y197Y,A590A(Y197Y)
591,T,T,197,T591T,identical,TAT,TAT,Y,Y,Y197Y,T591T(Y197Y)
592,C,C,198,C592C,identical,CAG,CAG,Q,Q,Q198Q,C592C(Q198Q)
593,A,A,198,A593A,identical,CAG,CAG,Q,Q,Q198Q,A593A(Q198Q)
594,G,G,198,G594G,identical,CAG,CAG,Q,Q,Q198Q,G594G(Q198Q)
595,C,C,199,C595C,identical,CAG,CAG,Q,Q,Q199Q,C595C(Q199Q)
596,A,A,199,A596A,identical,CAG,CAG,Q,Q,Q199Q,A596A(Q199Q)
597,G,G,199,G597G,identical,CAG,CAG,Q,Q,Q199Q,G597G(Q199Q)
598,A,A,200,A598A,identical,AAA,AAA,K,K,K200K,A598A(K200K)
599,A,A,200,A599A,identical,AAA,AAA,K,K,K200K,A599A(K200K)
600,A,A,200,A600A,identical,AAA,AAA,K,K,K200K,A600A(K200K)
601,C,C,201,C601C,identical,CCG,CCG,P,P,P201P,C601C(P201P)
602,C,C,201,C602C,identical,CCG,CCG,P,P,P201P,C602C(P201P)
603,G,G,201,G603G,identical,CCG,CCG,P,P,P201P,G603G(P201P)
604,G,G,202,G604G,identical,GGT,GGT,G,G,G202G,G604G(G202G)
605,G,G,202,G605G,identical,GGT,GGT,G,G,G202G,G605G(G202G)
606,T,T,202,T606T,identical,GGT,GGT,G,G,G202G,T606T(G202G)
607,C,C,203,C607C,identical,CAA,CAA,Q,Q,Q203Q,C607C(Q203Q)
608,A,A,203,A608A,identical,CAA,CAA,Q,Q,Q203Q,A608A(Q203Q)
609,A,A,203,A609A,identical,CAA,CAA,Q,Q,Q203Q,A609A(Q203Q)
610,G,G,204,G610G,identical,GCA,GCA,A,A,A204A,G610G(A204A)
611,C,C,204,C611C,identical,GCA,GCA,A,A,A204A,C611C(A204A)
612,A,A,204,A612A,identical,GCA,GCA,A,A,A204A,A612A(A204A)
613,C,C,205,C613C,identical,CCG,CCG,P,P,P205P,C613C(P205P)
614,C,C,205,C614C,identical,CCG,CCG,P,P,P205P,C614C(P205P)
615,G,G,205,G615G,identical,CCG,CCG,P,P,P205P,G615G(P205P)
616,A,N,206,N616A,different,NNN,AAA,-,K,-206K,N616A(-206K)
617,A,N,206,N617A,different,NNN,AAA,-,K,-206K,N617A(-206K)
618,A,N,206,N618A,different,NNN,AAA,-,K,-206K,N618A(-206K)
619,C,C,207,C619C,identical,CTG,CTG,L,L,L207L,C619C(L207L)
620,T,T,207,T620T,identical,CTG,CTG,L,L,L207L,T620T(L207L)
621,G,G,207,G621G,identical,CTG,CTG,L,L,L207L,G621G(L207L)
622,C,C,208,C622C,identical,CTG,CTG,L,L,L208L,C622C(L208L)
623,T,T,208,T623T,identical,CTG,CTG,L,L,L208L,T623T(L208L)
624,G,G,208,G624G,identical,CTG,CTG,L,L,L208L,G624G(L208L)
625,A,A,209,A625A,identical,ATT,ATT,I,I,I209I,A625A(I209I)
626,T,T,209,T626T,identical,ATT,ATT,I,I,I209I,T626T(I209I)
627,T,T,209,T627T,identical,ATT,ATT,I,I,I209I,T627T(I209I)
628,T,T,210,T628T,identical,TAT,TAT,Y,Y,Y210Y,T628T(Y210Y)
629,A,A,210,A629A,identical,TAT,TAT,Y,Y,Y210Y,A629A(Y210Y)
630,T,T,210,T630T,identical,TAT,TAT,Y,Y,Y210Y,T630T(Y210Y)
631,G,G,211,G631G,identical,GAT,GAT,D,D,D211D,G631G(D211D)
632,A,A,211,A632A,identical,GAT,GAT,D,D,D211D,A632A(D211D)
633,T,T,211,T633T,identical,GAT,GAT,D,D,D211D,T633T(D211D)
634,G,G,212,G634G,identical,GCA,GCA,A,A,A212A,G634G(A212A)
635,C,C,212,C635C,identical,GCA,GCA,A,A,A212A,C635C(A212A)
636,A,A,212,A636A,identical,GCA,GCA,A,A,A212A,A636A(A212A)
637,A,A,213,A637A,identical,AGC,AGC,S,S,S213S,A637A(S213S)
638,G,G,213,G638G,identical,AGC,AGC,S,S,S213S,G638G(S213S)
639,C,C,213,C639C,identical,AGC,AGC,S,S,S213S,C639C(S213S)
640,A,A,214,A640A,identical,AAT,AAT,N,N,N214N,A640A(N214N)
641,A,A,214,A641A,identical,AAT,AAT,N,N,N214N,A641A(N214N)
642,T,T,214,T642T,identical,AAT,AAT,N,N,N214N,T642T(N214N)
643,C,C,215,C643C,identical,CGT,CGT,R,R,R215R,C643C(R215R)
644,G,G,215,G644G,identical,CGT,CGT,R,R,R215R,G644G(R215R)
645,T,T,215,T645T,identical,CGT,CGT,R,R,R215R,T645T(R215R)
646,G,G,216,G646G,identical,GCA,GCA,A,A,A216A,G646G(A216A)
647,C,C,216,C647C,identical,GCA,GCA,A,A,A216A,C647C(A216A)
648,A,A,216,A648A,identical,GCA,GCA,A,A,A216A,A648A(A216A)
649,A,A,217,A649A,identical,ACC,ACC,T,T,T217T,A649A(T217T)
650,C,C,217,C650C,identical,ACC,ACC,T,T,T217T,C650C(T217T)
651,C,C,217,C651C,identical,ACC,ACC,T,T,T217T,C651C(T217T)
652,G,G,218,G652G,identical,GGT,GGT,G,G,G218G,G652G(G218G)
653,G,G,218,G653G,identical,GGT,GGT,G,G,G218G,G653G(G218G)
654,T,T,218,T654T,identical,GGT,GGT,G,G,G218G,T654T(G218G)
655,A,A,219,A655A,identical,ATT,ATT,I,I,I219I,A655A(I219I)
656,T,T,219,T656T,identical,ATT,ATT,I,I,I219I,T656T(I219I)
657,T,T,219,T657T,identical,ATT,ATT,I,I,I219I,T657T(I219I)
658,C,C,220,C658C,identical,CCG,CCG,P,P,P220P,C658C(P220P)
659,C,C,220,C659C,identical,CCG,CCG,P,P,P220P,C659C(P220P)
660,G,G,220,G660G,identical,CCG,CCG,P,P,P220P,G660G(P220P)
661,G,N,221,N661G,different,NNN,GCA,-,A,-221A,N661G(-221A)
662,C,N,221,N662C,different,NNN,GCA,-,A,-221A,N662C(-221A)
663,A,N,221,N663A,different,NNN,GCA,-,A,-221A,N663A(-221A)
664,C,C,222,C664C,identical,CGT,CGT,R,R,R222R,C664C(R222R)
665,G,G,222,G665G,identical,CGT,CGT,R,R,R222R,G665G(R222R)
666,T,T,222,T666T,identical,CGT,CGT,R,R,R222R,T666T(R222R)
667,T,T,223,T667T,identical,TTT,TTT,F,F,F223F,T667T(F223F)
668,T,T,223,T668T,identical,TTT,TTT,F,F,F223F,T668T(F223F)
669,T,T,223,T669T,identical,TTT,TTT,F,F,F223F,T669T(F223F)
670,A,A,224,A670A,identical,AGC,AGC,S,S,S224S,A670A(S224S)
671,G,G,224,G671G,identical,AGC,AGC,S,S,S224S,G671G(S224S)
672,C,C,224,C672C,identical,AGC,AGC,S,S,S224S,C672C(S224S)
673,G,G,225,G673G,identical,GGT,GGT,G,G,G225G,G673G(G225G)
674,G,G,225,G674G,identical,GGT,GGT,G,G,G225G,G674G(G225G)
675,T,T,225,T675T,identical,GGT,GGT,G,G,G225G,T675T(G225G)
676,T,T,226,T676T,identical,TCA,TCA,S,S,S226S,T676T(S226S)
677,C,C,226,C677C,identical,TCA,TCA,S,S,S226S,C677C(S226S)
678,A,A,226,A678A,identical,TCA,TCA,S,S,S226S,A678A(S226S)
679,G,G,227,G679G,identical,GGT,GGT,G,G,G227G,G679G(G227G)
680,G,G,227,G680G,identical,GGT,GGT,G,G,G227G,G680G(G227G)
681,T,T,227,T681T,identical,GGT,GGT,G,G,G227G,T681T(G227G)
682,A,A,228,A682A,identical,AGC,AGC,S,S,S228S,A682A(S228S)
683,G,G,228,G683G,identical,AGC,AGC,S,S,S228S,G683G(S228S)
684,C,C,228,C684C,identical,AGC,AGC,S,S,S228S,C684C(S228S)
685,G,G,229,G685G,identical,GGC,GGC,G,G,G229G,G685G(G229G)
686,G,G,229,G686G,identical,GGC,GGC,G,G,G229G,G686G(G229G)
687,C,C,229,C687C,identical,GGC,GGC,G,G,G229G,C687C(G229G)
688,A,A,230,A688A,identical,ACC,ACC,T,T,T230T,A688A(T230T)
689,C,C,230,C689C,identical,ACC,ACC,T,T,T230T,C689C(T230T)
690,C,C,230,C690C,identical,ACC,ACC,T,T,T230T,C690C(T230T)
691,G,G,231,G691G,identical,GAT,GAT,D,D,D231D,G691G(D231D)
692,A,A,231,A692A,identical,GAT,GAT,D,D,D231D,A692A(D231D)
693,T,T,231,T693T,identical,GAT,GAT,D,D,D231D,T693T(D231D)
694,T,T,232,T694T,identical,TTT,TTT,F,F,F232F,T694T(F232F)
695,T,T,232,T695T,identical,TTT,TTT,F,F,F232F,T695T(F232F)
696,T,T,232,T696T,identical,TTT,TTT,F,F,F232F,T696T(F232F)
697,A,A,233,A697A,identical,ACC,ACC,T,T,T233T,A697A(T233T)
698,C,C,233,C698C,identical,ACC,ACC,T,T,T233T,C698C(T233T)
699,C,C,233,C699C,identical,ACC,ACC,T,T,T233T,C699C(T233T)
700,C,C,234,C700C,identical,CTG,CTG,L,L,L234L,C700C(L234L)
701,T,T,234,T701T,identical,CTG,CTG,L,L,L234L,T701T(L234L)
702,G,G,234,G702G,identical,CTG,CTG,L,L,L234L,G702G(L234L)
703,A,A,235,A703A,identical,ACC,ACC,T,T,T235T,A703A(T235T)
704,C,C,235,C704C,identical,ACC,ACC,T,T,T235T,C704C(T235T)
705,C,C,235,C705C,identical,ACC,ACC,T,T,T235T,C705C(T235T)
706,A,A,236,A706A,identical,ATT,ATT,I,I,I236I,A706A(I236I)
707,T,T,236,T707T,identical,ATT,ATT,I,I,I236I,T707T(I236I)
708,T,T,236,T708T,identical,ATT,ATT,I,I,I236I,T708T(I236I)
709,A,A,237,A709A,identical,AGC,AGC,S,S,S237S,A709A(S237S)
710,G,G,237,G710G,identical,AGC,AGC,S,S,S237S,G710G(S237S)
711,C,C,237,C711C,identical,AGC,AGC,S,S,S237S,C711C(S237S)
712,A,N,238,N712A,different,NNN,AGC,-,S,-238S,N712A(-238S)
713,G,N,238,N713G,different,NNN,AGC,-,S,-238S,N713G(-238S)
714,C,N,238,N714C,different,NNN,AGC,-,S,-238S,N714C(-238S)
715,C,C,239,C715C,identical,CTG,CTG,L,L,L239L,C715C(L239L)
716,T,T,239,T716T,identical,CTG,CTG,L,L,L239L,T716T(L239L)
717,G,G,239,G717G,identical,CTG,CTG,L,L,L239L,G717G(L239L)
718,G,N,240,N718G,different,NNN,GAA,-,E,-240E,N718G(-240E)
719,A,N,240,N719A,different,NNN,GAA,-,E,-240E,N719A(-240E)
720,A,N,240,N720A,different,NNN,GAA,-,E,-240E,N720A(-240E)
721,C,C,241,C721C,identical,CCG,CCG,P,P,P241P,C721C(P241P)
722,C,C,241,C722C,identical,CCG,CCG,P,P,P241P,C722C(P241P)
723,G,G,241,G723G,identical,CCG,CCG,P,P,P241P,G723G(P241P)
724,G,G,242,G724G,identical,GAA,GAA,E,E,E242E,G724G(E242E)
725,A,A,242,A725A,identical,GAA,GAA,E,E,E242E,A725A(E242E)
726,A,A,242,A726A,identical,GAA,GAA,E,E,E242E,A726A(E242E)
727,G,G,243,G727G,identical,GAT,GAT,D,D,D243D,G727G(D243D)
728,A,A,243,A728A,identical,GAT,GAT,D,D,D243D,A728A(D243D)
729,T,T,243,T729T,identical,GAT,GAT,D,D,D243D,T729T(D243D)
730,T,T,244,T730T,identical,TTT,TTT,F,F,F244F,T730T(F244F)
731,T,T,244,T731T,identical,TTT,TTT,F,F,F244F,T731T(F244F)
732,T,T,244,T732T,identical,TTT,TTT,F,F,F244F,T732T(F244F)
733,G,G,245,G733G,identical,GCC,GCC,A,A,A245A,G733G(A245A)
734,C,C,245,C734C,identical,GCC,GCC,A,A,A245A,C734C(A245A)
735,C,C,245,C735C,identical,GCC,GCC,A,A,A245A,C735C(A245A)
736,G,N,246,N736G,different,NNN,GTG,-,V,-246V,N736G(-246V)
737,T,N,246,N737T,different,NNN,GTG,-,V,-246V,N737T(-246V)
738,G,N,246,N738G,different,NNN,GTG,-,V,-246V,N738G(-246V)
739,T,T,247,T739T,identical,TAT,TAT,Y,Y,Y247Y,T739T(Y247Y)
740,A,A,247,A740A,identical,TAT,TAT,Y,Y,Y247Y,A740A(Y247Y)
741,T,T,247,T741T,identical,TAT,TAT,Y,Y,Y247Y,T741T(Y247Y)
742,T,T,248,T742T,identical,TAT,TAT,Y,Y,Y248Y,T742T(Y248Y)
743,A,A,248,A743A,identical,TAT,TAT,Y,Y,Y248Y,A743A(Y248Y)
744,T,T,248,T744T,identical,TAT,TAT,Y,Y,Y248Y,T744T(Y248Y)
745,T,T,249,T745T,identical,TGT,TGT,C,C,C249C,T745T(C249C)
746,G,G,249,G746G,identical,TGT,TGT,C,C,C249C,G746G(C249C)
747,T,T,249,T747T,identical,TGT,TGT,C,C,C249C,T747T(C249C)
748,C,C,250,C748C,identical,CAG,CAG,Q,Q,Q250Q,C748C(Q250Q)
749,A,A,250,A749A,identical,CAG,CAG,Q,Q,Q250Q,A749A(Q250Q)
750,G,G,250,G750G,identical,CAG,CAG,Q,Q,Q250Q,G750G(Q250Q)
751,C,C,251,C751C,identical,CAG,CAG,Q,Q,Q251Q,C751C(Q251Q)
752,A,A,251,A752A,identical,CAG,CAG,Q,Q,Q251Q,A752A(Q251Q)
753,G,G,251,G753G,identical,CAG,CAG,Q,Q,Q251Q,G753G(Q251Q)
754,C,C,252,C754C,identical,CGT,CGT,R,R,R252R,C754C(R252R)
755,G,G,252,G755G,identical,CGT,CGT,R,R,R252R,G755G(R252R)
756,T,T,252,T756T,identical,CGT,CGT,R,R,R252R,T756T(R252R)
757,A,A,253,A757A,identical,AGC,AGC,S,S,S253S,A757A(S253S)
758,G,G,253,G758G,identical,AGC,AGC,S,S,S253S,G758G(S253S)
759,C,C,253,C759C,identical,AGC,AGC,S,S,S253S,C759C(S253S)
760,A,A,254,A760A,identical,AAT,AAT,N,N,N254N,A760A(N254N)
761,A,A,254,A761A,identical,AAT,AAT,N,N,N254N,A761A(N254N)
762,T,T,254,T762T,identical,AAT,AAT,N,N,N254N,T762T(N254N)
763,T,T,255,T763T,identical,TGG,TGG,W,W,W255W,T763T(W255W)
764,G,G,255,G764G,identical,TGG,TGG,W,W,W255W,G764G(W255W)
765,G,G,255,G765G,identical,TGG,TGG,W,W,W255W,G765G(W255W)
766,C,C,256,C766C,identical,CCT,CCT,P,P,P256P,C766C(P256P)
767,C,C,256,C767C,identical,CCT,CCT,P,P,P256P,C767C(P256P)
768,T,T,256,T768T,identical,CCT,CCT,P,P,P256P,T768T(P256P)
769,C,C,257,C769C,identical,CCG,CCG,P,P,P257P,C769C(P257P)
770,C,C,257,C770C,identical,CCG,CCG,P,P,P257P,C770C(P257P)
771,G,G,257,G771G,identical,CCG,CCG,P,P,P257P,G771G(P257P)
772,A,A,258,A772A,identical,ACC,ACC,T,T,T258T,A772A(T258T)
773,C,C,258,C773C,identical,ACC,ACC,T,T,T258T,C773C(T258T)
774,C,C,258,C774C,identical,ACC,ACC,T,T,T258T,C774C(T258T)
775,T,T,259,T775T,identical,TTT,TTT,F,F,F259F,T775T(F259F)
776,T,T,259,T776T,identical,TTT,TTT,F,F,F259F,T776T(F259F)
777,T,T,259,T777T,identical,TTT,TTT,F,F,F259F,T777T(F259F)
778,G,G,260,G778G,identical,GGC,GGC,G,G,G260G,G778G(G260G)
779,G,G,260,G779G,identical,GGC,GGC,G,G,G260G,G779G(G260G)
780,C,C,260,C780C,identical,GGC,GGC,G,G,G260G,C780C(G260G)
781,C,N,261,N781C,different,NNN,CAG,-,Q,-261Q,N781C(-261Q)
782,A,N,261,N782A,different,NNN,CAG,-,Q,-261Q,N782A(-261Q)
783,G,N,261,N783G,different,NNN,CAG,-,Q,-261Q,N783G(-261Q)
784,G,G,262,G784G,identical,GGC,GGC,G,G,G262G,G784G(G262G)
785,G,G,262,G785G,identical,GGC,GGC,G,G,G262G,G785G(G262G)
786,C,C,262,C786C,identical,GGC,GGC,G,G,G262G,C786C(G262G)
787,A,A,263,A787A,identical,ACC,ACC,T,T,T263T,A787A(T263T)
788,C,C,263,C788C,identical,ACC,ACC,T,T,T263T,C788C(T263T)
789,C,C,263,C789C,identical,ACC,ACC,T,T,T263T,C789C(T263T)
790,A,A,264,A790A,identical,AAA,AAA,K,K,K264K,A790A(K264K)
791,A,A,264,A791A,identical,AAA,AAA,K,K,K264K,A791A(K264K)
792,A,A,264,A792A,identical,AAA,AAA,K,K,K264K,A792A(K264K)
793,G,G,265,G793G,identical,GTT,GTT,V,V,V265V,G793G(V265V)
794,T,T,265,T794T,identical,GTT,GTT,V,V,V265V,T794T(V265V)
795,T,T,265,T795T,identical,GTT,GTT,V,V,V265V,T795T(V265V)
796,G,G,266,G796G,identical,GAA,GAA,E,E,E266E,G796G(E266E)
797,A,A,266,A797A,identical,GAA,GAA,E,E,E266E,A797A(E266E)
798,A,A,266,A798A,identical,GAA,GAA,E,E,E266E,A798A(E266E)
799,A,A,267,A799A,identical,ATT,ATT,I,I,I267I,A799A(I267I)
800,T,T,267,T800T,identical,ATT,ATT,I,I,I267I,T800T(I267I)
801,T,T,267,T801T,identical,ATT,ATT,I,I,I267I,T801T(I267I)
802,A,A,268,A802A,identical,AAA,AAA,K,K,K268K,A802A(K268K)
803,A,A,268,A803A,identical,AAA,AAA,K,K,K268K,A803A(K268K)
804,A,A,268,A804A,identical,AAA,AAA,K,K,K268K,A804A(K268K)
805,G,G,269,G805G,identical,GCC,GCC,A,A,A269A,G805G(A269A)
806,C,C,269,C806C,identical,GCC,GCC,A,A,A269A,C806C(A269A)
807,C,C,269,C807C,identical,GCC,GCC,A,A,A269A,C807C(A269A)
808,G,G,270,G808G,identical,GCG,GCG,A,A,A270A,G808G(A270A)
809,C,C,270,C809C,identical,GCG,GCG,A,A,A270A,C809C(A270A)
810,G,G,270,G810G,identical,GCG,GCG,A,A,A270A,G810G(A270A)
811,G,G,271,G811G,identical,GAT,GAT,D,D,D271D,G811G(D271D)
812,A,A,271,A812A,identical,GAT,GAT,D,D,D271D,A812A(D271D)
813,T,T,271,T813T,identical,GAT,GAT,D,D,D271D,T813T(D271D)
814,T,T,272,T814T,identical,TAT,TAT,Y,Y,Y272Y,T814T(Y272Y)
815,A,A,272,A815A,identical,TAT,TAT,Y,Y,Y272Y,A815A(Y272Y)
816,T,T,272,T816T,identical,TAT,TAT,Y,Y,Y272Y,T816T(Y272Y)
817,A,A,273,A817A,identical,AAA,AAA,K,K,K273K,A817A(K273K)
818,A,A,273,A818A,identical,AAA,AAA,K,K,K273K,A818A(K273K)
819,A,A,273,A819A,identical,AAA,AAA,K,K,K273K,A819A(K273K)
820,G,G,274,G820G,identical,GAT,GAT,D,D,D274D,G820G(D274D)
821,A,A,274,A821A,identical,GAT,GAT,D,D,D274D,A821A(D274D)
822,T,T,274,T822T,identical,GAT,GAT,D,D,D274D,T822T(D274D)
823,G,G,275,G823G,identical,GAT,GAT,D,D,D275D,G823G(D275D)
824,A,A,275,A824A,identical,GAT,GAT,D,D,D275D,A824A(D275D)
825,T,T,275,T825T,identical,GAT,GAT,D,D,D275D,T825T(D275D)
826,G,G,276,G826G,identical,GAT,GAT,D,D,D276D,G826G(D276D)
827,A,A,276,A827A,identical,GAT,GAT,D,D,D276D,A827A(D276D)
828,T,T,276,T828T,identical,GAT,GAT,D,D,D276D,T828T(D276D)
829,G,G,277,G829G,identical,GAT,GAT,D,D,D277D,G829G(D277D)
830,A,A,277,A830A,identical,GAT,GAT,D,D,D277D,A830A(D277D)
831,T,T,277,T831T,identical,GAT,GAT,D,D,D277D,T831T(D277D)
832,A,A,278,A832A,identical,AAA,AAA,K,K,K278K,A832A(K278K)
833,A,A,278,A833A,identical,AAA,AAA,K,K,K278K,A833A(K278K)
834,A,A,278,A834A,identical,AAA,AAA,K,K,K278K,A834A(K278K)
835,C,C,279,C835C,identical,CAC,CAC,H,H,H279H,C835C(H279H)
836,A,A,279,A836A,identical,CAC,CAC,H,H,H279H,A836A(H279H)
837,C,C,279,C837C,identical,CAC,CAC,H,H,H279H,C837C(H279H)
838,C,C,280,C838C,identical,CAT,CAT,H,H,H280H,C838C(H280H)
839,A,A,280,A839A,identical,CAT,CAT,H,H,H280H,A839A(H280H)
840,T,T,280,T840T,identical,CAT,CAT,H,H,H280H,T840T(H280H)
841,C,C,281,C841C,identical,CAT,CAT,H,H,H281H,C841C(H281H)
842,A,A,281,A842A,identical,CAT,CAT,H,H,H281H,A842A(H281H)
843,T,T,281,T843T,identical,CAT,CAT,H,H,H281H,T843T(H281H)
844,C,C,282,C844C,identical,CAC,CAC,H,H,H282H,C844C(H282H)
845,A,A,282,A845A,identical,CAC,CAC,H,H,H282H,A845A(H282H)
846,C,C,282,C846C,identical,CAC,CAC,H,H,H282H,C846C(H282H)
847,C,C,283,C847C,identical,CAC,CAC,H,H,H283H,C847C(H283H)
848,A,A,283,A848A,identical,CAC,CAC,H,H,H283H,A848A(H283H)
849,C,C,283,C849C,identical,CAC,CAC,H,H,H283H,C849C(H283H)
850,C,C,284,C850C,identical,CAT,CAT,H,H,H284H,C850C(H284H)
851,A,A,284,A851A,identical,CAT,CAT,H,H,H284H,A851A(H284H)
852,T,T,284,T852T,identical,CAT,CAT,H,H,H284H,T852T(H284H)
853,T,T,285,T853T,identical,TAA,TAA,*,*,*285*,T853T(*285*)
854,A,A,285,A854A,identical,TAA,TAA,*,*,*285*,A854A(*285*)
855,A,A,285,A855A,identical,TAA,TAA,*,*,*285*,A855A(*285*)
