Pos,Primary,Secondary,Template,Posa,PosString,CompareNt,TemplateTriplet,PrimaryTriplet,TemplateAA,PrimaryAA,PosStringAA,PosStringFat
1,-,-,A,1,A1-,different,ATG,---,M,-,M1-,A1-(M1-)
2,-,-,T,1,T2-,different,ATG,---,M,-,M1-,T2-(M1-)
3,-,-,G,1,G3-,different,ATG,---,M,-,M1-,G3-(M1-)
4,-,-,A,2,A4-,different,AAA,---,K,-,K2-,A4-(K2-)
5,-,-,A,2,A5-,different,AAA,---,K,-,K2-,A5-(K2-)
6,-,-,A,2,A6-,different,AAA,---,K,-,K2-,A6-(K2-)
7,-,-,T,3,T7-,different,TAC,--C,Y,-,Y3-,T7-(Y3-)
8,-,-,A,3,A8-,different,TAC,--C,Y,-,Y3-,A8-(Y3-)
9,C,C,C,3,C9C,identical,TAC,--C,Y,-,Y3-,C9C(Y3-)
10,C,C,C,4,C10C,identical,CTA,CTA,L,L,L4L,C10C(L4L)
11,T,T,T,4,T11T,identical,CTA,CTA,L,L,L4L,T11T(L4L)
12,A,A,A,4,A12A,identical,CTA,CTA,L,L,L4L,A12A(L4L)
13,T,T,T,5,T13T,identical,TTG,TTG,L,L,L5L,T13T(L5L)
14,T,T,T,5,T14T,identical,TTG,TTG,L,L,L5L,T14T(L5L)
15,G,G,G,5,G15G,identical,TTG,TTG,L,L,L5L,G15G(L5L)
16,C,C,C,6,C16C,identical,CCT,CCT,P,P,P6P,C16C(P6P)
17,C,C,C,6,C17C,identical,CCT,CCT,P,P,P6P,C17C(P6P)
18,T,T,T,6,T18T,identical,CCT,CCT,P,P,P6P,T18T(P6P)
19,A,A,A,7,A19A,identical,ACG,ACG,T,T,T7T,A19A(T7T)
20,C,C,C,7,C20C,identical,ACG,ACG,T,T,T7T,C20C(T7T)
21,G,G,G,7,G21G,identical,ACG,ACG,T,T,T7T,G21G(T7T)
22,G,G,G,8,G22G,identical,GCA,GCA,A,A,A8A,G22G(A8A)
23,C,C,C,8,C23C,identical,GCA,GCA,A,A,A8A,C23C(A8A)
24,A,A,A,8,A24A,identical,GCA,GCA,A,A,A8A,A24A(A8A)
25,G,G,G,9,G25G,identical,GCC,GCC,A,A,A9A,G25G(A9A)
26,C,C,C,9,C26C,identical,GCC,GCC,A,A,A9A,C26C(A9A)
27,C,C,C,9,C27C,identical,GCC,GCC,A,A,A9A,C27C(A9A)
28,G,G,G,10,G28G,identical,GCT,GCT,A,A,A10A,G28G(A10A)
29,C,C,C,10,C29C,identical,GCT,GCT,A,A,A10A,C29C(A10A)
30,T,T,T,10,T30T,identical,GCT,GCT,A,A,A10A,T30T(A10A)
31,G,G,G,11,G31G,identical,GGA,GGA,G,G,G11G,G31G(G11G)
32,G,G,G,11,G32G,identical,GGA,GGA,G,G,G11G,G32G(G11G)
33,A,A,A,11,A33A,identical,GGA,GGA,G,G,G11G,A33A(G11G)
34,T,T,T,12,T34T,identical,TTG,TTG,L,L,L12L,T34T(L12L)
35,T,T,T,12,T35T,identical,TTG,TTG,L,L,L12L,T35T(L12L)
36,G,G,G,12,G36G,identical,TTG,TTG,L,L,L12L,G36G(L12L)
37,T,T,T,13,T37T,identical,TTA,TTA,L,L,L13L,T37T(L13L)
38,T,T,T,13,T38T,identical,TTA,TTA,L,L,L13L,T38T(L13L)
39,A,A,A,13,A39A,identical,TTA,TTA,L,L,L13L,A39A(L13L)
40,T,T,T,14,T40T,identical,TTA,TTA,L,L,L14L,T40T(L14L)
41,T,T,T,14,T41T,identical,TTA,TTA,L,L,L14L,T41T(L14L)
42,A,A,A,14,A42A,identical,TTA,TTA,L,L,L14L,A42A(L14L)
43,C,C,C,15,C43C,identical,CTC,CTC,L,L,L15L,C43C(L15L)
44,T,T,T,15,T44T,identical,CTC,CTC,L,L,L15L,T44T(L15L)
45,C,C,C,15,C45C,identical,CTC,CTC,L,L,L15L,C45C(L15L)
46,G,G,G,16,G46G,identical,GCG,GCG,A,A,A16A,G46G(A16A)
47,C,C,C,16,C47C,identical,GCG,GCG,A,A,A16A,C47C(A16A)
48,G,G,G,16,G48G,identical,GCG,GCG,A,A,A16A,G48G(A16A)
49,G,G,G,17,G49G,identical,GCC,GCC,A,A,A17A,G49G(A17A)
50,C,C,C,17,C50C,identical,GCC,GCC,A,A,A17A,C50C(A17A)
51,C,C,C,17,C51C,identical,GCC,GCC,A,A,A17A,C51C(A17A)
52,C,C,C,18,C52C,identical,CAG,CAG,Q,Q,Q18Q,C52C(Q18Q)
53,A,A,A,18,A53A,identical,CAG,CAG,Q,Q,Q18Q,A53A(Q18Q)
54,G,G,G,18,G54G,identical,CAG,CAG,Q,Q,Q18Q,G54G(Q18Q)
55,C,C,C,19,C55C,identical,CCG,CCG,P,P,P19P,C55C(P19P)
56,C,C,C,19,C56C,identical,CCG,CCG,P,P,P19P,C56C(P19P)
57,G,G,G,19,G57G,identical,CCG,CCG,P,P,P19P,G57G(P19P)
58,G,G,G,20,G58G,identical,GCC,GCC,A,A,A20A,G58G(A20A)
59,C,C,C,20,C59C,identical,GCC,GCC,A,A,A20A,C59C(A20A)
60,C,C,C,20,C60C,identical,GCC,GCC,A,A,A20A,C60C(A20A)
61,A,A,A,21,A61A,identical,ATG,ATG,M,M,M21M,A61A(M21M)
62,T,T,T,21,T62T,identical,ATG,ATG,M,M,M21M,T62T(M21M)
63,G,G,G,21,G63G,identical,ATG,ATG,M,M,M21M,G63G(M21M)
64,G,G,G,22,G64G,identical,GCC,GCC,A,A,A22A,G64G(A22A)
65,C,C,C,22,C65C,identical,GCC,GCC,A,A,A22A,C65C(A22A)
66,C,C,C,22,C66C,identical,GCC,GCC,A,A,A22A,C66C(A22A)
67,C,C,N,23,N67C,different,NNN,CAG,-,Q,-23Q,N67C(-23Q)
68,A,A,N,23,N68A,different,NNN,CAG,-,Q,-23Q,N68A(-23Q)
69,G,G,N,23,N69G,different,NNN,CAG,-,Q,-23Q,N69G(-23Q)
70,A,A,A,24,A70A,identical,ATT,ATT,I,I,I24I,A70A(I24I)
71,T,T,T,24,T71T,identical,ATT,ATT,I,I,I24I,T71T(I24I)
72,T,T,T,24,T72T,identical,ATT,ATT,I,I,I24I,T72T(I24I)
73,G,G,G,25,G73G,identical,GTT,GTT,V,V,V25V,G73G(V25V)
74,T,T,T,25,T74T,identical,GTT,GTT,V,V,V25V,T74T(V25V)
75,T,T,T,25,T75T,identical,GTT,GTT,V,V,V25V,T75T(V25V)
76,C,C,C,26,C76C,identical,CTG,CTG,L,L,L26L,C76C(L26L)
77,T,T,T,26,T77T,identical,CTG,CTG,L,L,L26L,T77T(L26L)
78,G,G,G,26,G78G,identical,CTG,CTG,L,L,L26L,G78G(L26L)
79,A,A,A,27,A79A,identical,ACC,ACC,T,T,T27T,A79A(T27T)
80,C,C,C,27,C80C,identical,ACC,ACC,T,T,T27T,C80C(T27T)
81,C,C,C,27,C81C,identical,ACC,ACC,T,T,T27T,C81C(T27T)
82,C,C,C,28,C82C,identical,CAG,CAG,Q,Q,Q28Q,C82C(Q28Q)
83,A,A,A,28,A83A,identical,CAG,CAG,Q,Q,Q28Q,A83A(Q28Q)
84,G,G,G,28,G84G,identical,CAG,CAG,Q,Q,Q28Q,G84G(Q28Q)
85,A,A,A,29,A85A,identical,AGT,AGT,S,S,S29S,A85A(S29S)
86,G,G,G,29,G86G,identical,AGT,AGT,S,S,S29S,G86G(S29S)
87,T,T,T,29,T87T,identical,AGT,AGT,S,S,S29S,T87T(S29S)
88,C,C,C,30,C88C,identical,CCG,CCG,P,P,P30P,C88C(P30P)
89,C,C,C,30,C89C,identical,CCG,CCG,P,P,P30P,C89C(P30P)
90,G,G,G,30,G90G,identical,CCG,CCG,P,P,P30P,G90G(P30P)
91,G,G,N,31,N91G,different,NNN,GCA,-,A,-31A,N91G(-31A)
92,C,C,N,31,N92C,different,NNN,GCA,-,A,-31A,N92C(-31A)
93,A,A,N,31,N93A,different,NNN,GCA,-,A,-31A,N93A(-31A)
94,A,A,A,32,A94A,identical,ACA,ACA,T,T,T32T,A94A(T32T)
95,C,C,C,32,C95C,identical,ACA,ACA,T,T,T32T,C95C(T32T)
96,A,A,A,32,A96A,identical,ACA,ACA,T,T,T32T,A96A(T32T)
97,C,C,C,33,C97C,identical,CTG,CTG,L,L,L33L,C97C(L33L)
98,T,T,T,33,T98T,identical,CTG,CTG,L,L,L33L,T98T(L33L)
99,G,G,G,33,G99G,identical,CTG,CTG,L,L,L33L,G99G(L33L)
100,A,A,A,34,A100A,identical,AGC,AGC,S,S,S34S,A100A(S34S)
101,G,G,G,34,G101G,identical,AGC,AGC,S,S,S34S,G101G(S34S)
102,C,C,C,34,C102C,identical,AGC,AGC,S,S,S34S,C102C(S34S)
103,C,C,N,35,N103C,different,NNN,CTG,-,L,-35L,N103C(-35L)
104,T,T,N,35,N104T,different,NNN,CTG,-,L,-35L,N104T(-35L)
105,G,G,N,35,N105G,different,NNN,CTG,-,L,-35L,N105G(-35L)
106,A,A,A,36,A106A,identical,AGT,AGT,S,S,S36S,A106A(S36S)
107,G,G,G,36,G107G,identical,AGT,AGT,S,S,S36S,G107G(S36S)
108,T,T,T,36,T108T,identical,AGT,AGT,S,S,S36S,T108T(S36S)
109,C,C,C,37,C109C,identical,CCG,CCG,P,P,P37P,C109C(P37P)
110,C,C,C,37,C110C,identical,CCG,CCG,P,P,P37P,C110C(P37P)
111,G,G,G,37,G111G,identical,CCG,CCG,P,P,P37P,G111G(P37P)
112,G,G,G,38,G112G,identical,GGT,GGT,G,G,G38G,G112G(G38G)
113,G,G,G,38,G113G,identical,GGT,GGT,G,G,G38G,G113G(G38G)
114,T,T,T,38,T114T,identical,GGT,GGT,G,G,G38G,T114T(G38G)
115,G,G,N,39,N115G,different,NNN,GAA,-,E,-39E,N115G(-39E)
116,A,A,N,39,N116A,different,NNN,GAA,-,E,-39E,N116A(-39E)
117,A,A,N,39,N117A,different,NNN,GAA,-,E,-39E,N117A(-39E)
118,C,C,C,40,C118C,identical,CGT,CGT,R,R,R40R,C118C(R40R)
119,G,G,G,40,G119G,identical,CGT,CGT,R,R,R40R,G119G(R40R)
120,T,T,T,40,T120T,identical,CGT,CGT,R,R,R40R,T120T(R40R)
121,G,G,G,41,G121G,identical,GCA,GCA,A,A,A41A,G121G(A41A)
122,C,C,C,41,C122C,identical,GCA,GCA,A,A,A41A,C122C(A41A)
123,A,A,A,41,A123A,identical,GCA,GCA,A,A,A41A,A123A(A41A)
124,A,A,A,42,A124A,identical,ACC,ACC,T,T,T42T,A124A(T42T)
125,C,C,C,42,C125C,identical,ACC,ACC,T,T,T42T,C125C(T42T)
126,C,C,C,42,C126C,identical,ACC,ACC,T,T,T42T,C126C(T42T)
127,A,A,N,43,N127A,different,NNN,ATT,-,I,-43I,N127A(-43I)
128,T,T,N,43,N128T,different,NNN,ATT,-,I,-43I,N128T(-43I)
129,T,T,N,43,N129T,different,NNN,ATT,-,I,-43I,N129T(-43I)
130,A,A,A,44,A130A,identical,AGC,AGC,S,S,S44S,A130A(S44S)
131,G,G,G,44,G131G,identical,AGC,AGC,S,S,S44S,G131G(S44S)
132,C,C,C,44,C132C,identical,AGC,AGC,S,S,S44S,C132C(S44S)
133,T,T,T,45,T133T,identical,TGT,TGT,C,C,C45C,T133T(C45C)
134,G,G,G,45,G134G,identical,TGT,TGT,C,C,C45C,G134G(C45C)
135,T,T,T,45,T135T,identical,TGT,TGT,C,C,C45C,T135T(C45C)
136,C,C,C,46,C136C,identical,CGT,CGT,R,R,R46R,C136C(R46R)
137,G,G,G,46,G137G,identical,CGT,CGT,R,R,R46R,G137G(R46R)
138,T,T,T,46,T138T,identical,CGT,CGT,R,R,R46R,T138T(R46R)
139,G,G,G,47,G139G,identical,GCA,GCA,A,A,A47A,G139G(A47A)
140,C,C,C,47,C140C,identical,GCA,GCA,A,A,A47A,C140C(A47A)
141,A,A,A,47,A141A,identical,GCA,GCA,A,A,A47A,A141A(A47A)
142,A,A,A,48,A142A,identical,AGC,AGC,S,S,S48S,A142A(S48S)
143,G,G,G,48,G143G,identical,AGC,AGC,S,S,S48S,G143G(S48S)
144,C,C,C,48,C144C,identical,AGC,AGC,S,S,S48S,C144C(S48S)
145,C,C,C,49,C145C,identical,CAG,CAG,Q,Q,Q49Q,C145C(Q49Q)
146,A,A,A,49,A146A,identical,CAG,CAG,Q,Q,Q49Q,A146A(Q49Q)
147,G,G,G,49,G147G,identical,CAG,CAG,Q,Q,Q49Q,G147G(Q49Q)
148,A,A,A,50,A148A,identical,AGC,AGC,S,S,S50S,A148A(S50S)
149,G,G,G,50,G149G,identical,AGC,AGC,S,S,S50S,G149G(S50S)
150,C,C,C,50,C150C,identical,AGC,AGC,S,S,S50S,C150C(S50S)
151,G,G,G,51,G151G,identical,GTG,GTG,V,V,V51V,G151G(V51V)
152,T,T,T,51,T152T,identical,GTG,GTG,V,V,V51V,T152T(V51V)
153,G,G,G,51,G153G,identical,GTG,GTG,V,V,V51V,G153G(V51V)
154,A,A,A,52,A154A,identical,AGC,AGC,S,S,S52S,A154A(S52S)
155,G,G,G,52,G155G,identical,AGC,AGC,S,S,S52S,G155G(S52S)
156,C,C,C,52,C156C,identical,AGC,AGC,S,S,S52S,C156C(S52S)
157,A,A,A,53,A157A,identical,AGC,AGC,S,S,S53S,A157A(S53S)
158,G,G,G,53,G158G,identical,AGC,AGC,S,S,S53S,G158G(S53S)
159,C,C,C,53,C159C,identical,AGC,AGC,S,S,S53S,C159C(S53S)
160,T,T,T,54,T160T,identical,TAT,TAT,Y,Y,Y54Y,T160T(Y54Y)
161,A,A,A,54,A161A,identical,TAT,TAT,Y,Y,Y54Y,A161A(Y54Y)
162,T,T,T,54,T162T,identical,TAT,TAT,Y,Y,Y54Y,T162T(Y54Y)
163,C,C,C,55,C163C,identical,CTG,CTG,L,L,L55L,C163C(L55L)
164,T,T,T,55,T164T,identical,CTG,CTG,L,L,L55L,T164T(L55L)
165,G,G,G,55,G165G,identical,CTG,CTG,L,L,L55L,G165G(L55L)
166,G,G,G,56,G166G,identical,GCA,GCA,A,A,A56A,G166G(A56A)
167,C,C,C,56,C167C,identical,GCA,GCA,A,A,A56A,C167C(A56A)
168,A,A,A,56,A168A,identical,GCA,GCA,A,A,A56A,A168A(A56A)
169,T,T,T,57,T169T,identical,TGG,TGG,W,W,W57W,T169T(W57W)
170,G,G,G,57,G170G,identical,TGG,TGG,W,W,W57W,G170G(W57W)
171,G,G,G,57,G171G,identical,TGG,TGG,W,W,W57W,G171G(W57W)
172,T,T,T,58,T172T,identical,TAT,TAT,Y,Y,Y58Y,T172T(Y58Y)
173,A,A,A,58,A173A,identical,TAT,TAT,Y,Y,Y58Y,A173A(Y58Y)
174,T,T,T,58,T174T,identical,TAT,TAT,Y,Y,Y58Y,T174T(Y58Y)
175,C,C,C,59,C175C,identical,CAG,CAG,Q,Q,Q59Q,C175C(Q59Q)
176,A,A,A,59,A176A,identical,CAG,CAG,Q,Q,Q59Q,A176A(Q59Q)
177,G,G,G,59,G177G,identical,CAG,CAG,Q,Q,Q59Q,G177G(Q59Q)
178,C,C,C,60,C178C,identical,CAG,CAG,Q,Q,Q60Q,C178C(Q60Q)
179,A,A,A,60,A179A,identical,CAG,CAG,Q,Q,Q60Q,A179A(Q60Q)
180,G,G,G,60,G180G,identical,CAG,CAG,Q,Q,Q60Q,G180G(Q60Q)
181,A,A,A,61,A181A,identical,AAA,AAA,K,K,K61K,A181A(K61K)
182,A,A,A,61,A182A,identical,AAA,AAA,K,K,K61K,A182A(K61K)
183,A,A,A,61,A183A,identical,AAA,AAA,K,K,K61K,A183A(K61K)
184,C,C,C,62,C184C,identical,CCG,CCG,P,P,P62P,C184C(P62P)
185,C,C,C,62,C185C,identical,CCG,CCG,P,P,P62P,C185C(P62P)
186,G,G,G,62,G186G,identical,CCG,CCG,P,P,P62P,G186G(P62P)
187,G,G,G,63,G187G,identical,GGT,GGT,G,G,G63G,G187G(G63G)
188,G,G,G,63,G188G,identical,GGT,GGT,G,G,G63G,G188G(G63G)
189,T,T,T,63,T189T,identical,GGT,GGT,G,G,G63G,T189T(G63G)
190,C,C,C,64,C190C,identical,CAA,CAA,Q,Q,Q64Q,C190C(Q64Q)
191,A,A,A,64,A191A,identical,CAA,CAA,Q,Q,Q64Q,A191A(Q64Q)
192,A,A,A,64,A192A,identical,CAA,CAA,Q,Q,Q64Q,A192A(Q64Q)
193,G,G,G,65,G193G,identical,GCA,GCA,A,A,A65A,G193G(A65A)
194,C,C,C,65,C194C,identical,GCA,GCA,A,A,A65A,C194C(A65A)
195,A,A,A,65,A195A,identical,GCA,GCA,A,A,A65A,A195A(A65A)
196,C,C,C,66,C196C,identical,CCG,CCG,P,P,P66P,C196C(P66P)
197,C,C,C,66,C197C,identical,CCG,CCG,P,P,P66P,C197C(P66P)
198,G,G,G,66,G198G,identical,CCG,CCG,P,P,P66P,G198G(P66P)
199,C,C,N,67,N199C,different,NNN,CGT,-,R,-67R,N199C(-67R)
200,G,G,N,67,N200G,different,NNN,CGT,-,R,-67R,N200G(-67R)
201,T,T,N,67,N201T,different,NNN,CGT,-,R,-67R,N201T(-67R)
202,C,C,C,68,C202C,identical,CTG,CTG,L,L,L68L,C202C(L68L)
203,T,T,T,68,T203T,identical,CTG,CTG,L,L,L68L,T203T(L68L)
204,G,G,G,68,G204G,identical,CTG,CTG,L,L,L68L,G204G(L68L)
205,C,C,C,69,C205C,identical,CTG,CTG,L,L,L69L,C205C(L69L)
206,T,T,T,69,T206T,identical,CTG,CTG,L,L,L69L,T206T(L69L)
207,G,G,G,69,G207G,identical,CTG,CTG,L,L,L69L,G207G(L69L)
208,A,A,A,70,A208A,identical,ATT,ATT,I,I,I70I,A208A(I70I)
209,T,T,T,70,T209T,identical,ATT,ATT,I,I,I70I,T209T(I70I)
210,T,T,T,70,T210T,identical,ATT,ATT,I,I,I70I,T210T(I70I)
211,T,T,T,71,T211T,identical,TAT,TAT,Y,Y,Y71Y,T211T(Y71Y)
212,A,A,A,71,A212A,identical,TAT,TAT,Y,Y,Y71Y,A212A(Y71Y)
213,T,T,T,71,T213T,identical,TAT,TAT,Y,Y,Y71Y,T213T(Y71Y)
214,G,G,G,72,G214G,identical,GAT,GAT,D,D,D72D,G214G(D72D)
215,A,A,A,72,A215A,identical,GAT,GAT,D,D,D72D,A215A(D72D)
216,T,T,T,72,T216T,identical,GAT,GAT,D,D,D72D,T216T(D72D)
217,G,G,G,73,G217G,identical,GCA,GCA,A,A,A73A,G217G(A73A)
218,C,C,C,73,C218C,identical,GCA,GCA,A,A,A73A,C218C(A73A)
219,A,A,A,73,A219A,identical,GCA,GCA,A,A,A73A,A219A(A73A)
220,A,A,A,74,A220A,identical,AGC,AGC,S,S,S74S,A220A(S74S)
221,G,G,G,74,G221G,identical,AGC,AGC,S,S,S74S,G221G(S74S)
222,C,C,C,74,C222C,identical,AGC,AGC,S,S,S74S,C222C(S74S)
223,A,A,A,75,A223A,identical,AAT,AAT,N,N,N75N,A223A(N75N)
224,A,A,A,75,A224A,identical,AAT,AAT,N,N,N75N,A224A(N75N)
225,T,T,T,75,T225T,identical,AAT,AAT,N,N,N75N,T225T(N75N)
226,C,C,C,76,C226C,identical,CGT,CGT,R,R,R76R,C226C(R76R)
227,G,G,G,76,G227G,identical,CGT,CGT,R,R,R76R,G227G(R76R)
228,T,T,T,76,T228T,identical,CGT,CGT,R,R,R76R,T228T(R76R)
229,G,G,G,77,G229G,identical,GCA,GCA,A,A,A77A,G229G(A77A)
230,C,C,C,77,C230C,identical,GCA,GCA,A,A,A77A,C230C(A77A)
231,A,A,A,77,A231A,identical,GCA,GCA,A,A,A77A,A231A(A77A)
232,A,A,A,78,A232A,identical,ACC,ACC,T,T,T78T,A232A(T78T)
233,C,C,C,78,C233C,identical,ACC,ACC,T,T,T78T,C233C(T78T)
234,C,C,C,78,C234C,identical,ACC,ACC,T,T,T78T,C234C(T78T)
235,G,G,G,79,G235G,identical,GGT,GGT,G,G,G79G,G235G(G79G)
236,G,G,G,79,G236G,identical,GGT,GGT,G,G,G79G,G236G(G79G)
237,T,T,T,79,T237T,identical,GGT,GGT,G,G,G79G,T237T(G79G)
238,A,A,A,80,A238A,identical,ATT,ATT,I,I,I80I,A238A(I80I)
239,T,T,T,80,T239T,identical,ATT,ATT,I,I,I80I,T239T(I80I)
240,T,T,T,80,T240T,identical,ATT,ATT,I,I,I80I,T240T(I80I)
241,C,C,C,81,C241C,identical,CCG,CCG,P,P,P81P,C241C(P81P)
242,C,C,C,81,C242C,identical,CCG,CCG,P,P,P81P,C242C(P81P)
243,G,G,G,81,G243G,identical,CCG,CCG,P,P,P81P,G243G(P81P)
244,G,G,N,82,N244G,different,NNN,GCA,-,A,-82A,N244G(-82A)
245,C,C,N,82,N245C,different,NNN,GCA,-,A,-82A,N245C(-82A)
246,A,A,N,82,N246A,different,NNN,GCA,-,A,-82A,N246A(-82A)
247,C,C,C,83,C247C,identical,CGT,CGT,R,R,R83R,C247C(R83R)
248,G,G,G,83,G248G,identical,CGT,CGT,R,R,R83R,G248G(R83R)
249,T,T,T,83,T249T,identical,CGT,CGT,R,R,R83R,T249T(R83R)
250,T,T,T,84,T250T,identical,TTT,TTT,F,F,F84F,T250T(F84F)
251,T,T,T,84,T251T,identical,TTT,TTT,F,F,F84F,T251T(F84F)
252,T,T,T,84,T252T,identical,TTT,TTT,F,F,F84F,T252T(F84F)
253,A,A,A,85,A253A,identical,AGC,AGC,S,S,S85S,A253A(S85S)
254,G,G,G,85,G254G,identical,AGC,AGC,S,S,S85S,G254G(S85S)
255,C,C,C,85,C255C,identical,AGC,AGC,S,S,S85S,C255C(S85S)
256,G,G,G,86,G256G,identical,GGT,GGT,G,G,G86G,G256G(G86G)
257,G,G,G,86,G257G,identical,GGT,GGT,G,G,G86G,G257G(G86G)
258,T,T,T,86,T258T,identical,GGT,GGT,G,G,G86G,T258T(G86G)
259,A,A,A,87,A259A,identical,AGC,AGC,S,S,S87S,A259A(S87S)
260,G,G,G,87,G260G,identical,AGC,AGC,S,S,S87S,G260G(S87S)
261,C,C,C,87,C261C,identical,AGC,AGC,S,S,S87S,C261C(S87S)
262,G,G,G,88,G262G,identical,GGT,GGT,G,G,G88G,G262G(G88G)
263,G,G,G,88,G263G,identical,GGT,GGT,G,G,G88G,G263G(G88G)
264,T,T,T,88,T264T,identical,GGT,GGT,G,G,G88G,T264T(G88G)
265,A,A,A,89,A265A,identical,AGT,AGT,S,S,S89S,A265A(S89S)
266,G,G,G,89,G266G,identical,AGT,AGT,S,S,S89S,G266G(S89S)
267,T,T,T,89,T267T,identical,AGT,AGT,S,S,S89S,T267T(S89S)
268,G,G,G,90,G268G,identical,GGC,GGC,G,G,G90G,G268G(G90G)
269,G,G,G,90,G269G,identical,GGC,GGC,G,G,G90G,G269G(G90G)
270,C,C,C,90,C270C,identical,GGC,GGC,G,G,G90G,C270C(G90G)
271,A,A,A,91,A271A,identical,ACC,ACC,T,T,T91T,A271A(T91T)
272,C,C,C,91,C272C,identical,ACC,ACC,T,T,T91T,C272C(T91T)
273,C,C,C,91,C273C,identical,ACC,ACC,T,T,T91T,C273C(T91T)
274,G,G,G,92,G274G,identical,GAT,GAT,D,D,D92D,G274G(D92D)
275,A,A,A,92,A275A,identical,GAT,GAT,D,D,D92D,A275A(D92D)
276,T,T,T,92,T276T,identical,GAT,GAT,D,D,D92D,T276T(D92D)
277,T,T,T,93,T277T,identical,TTT,TTT,F,F,F93F,T277T(F93F)
278,T,T,T,93,T278T,identical,TTT,TTT,F,F,F93F,T278T(F93F)
279,T,T,T,93,T279T,identical,TTT,TTT,F,F,F93F,T279T(F93F)
280,A,A,A,94,A280A,identical,ACC,ACC,T,T,T94T,A280A(T94T)
281,C,C,C,94,C281C,identical,ACC,ACC,T,T,T94T,C281C(T94T)
282,C,C,C,94,C282C,identical,ACC,ACC,T,T,T94T,C282C(T94T)
283,C,C,C,95,C283C,identical,CTG,CTG,L,L,L95L,C283C(L95L)
284,T,T,T,95,T284T,identical,CTG,CTG,L,L,L95L,T284T(L95L)
285,G,G,G,95,G285G,identical,CTG,CTG,L,L,L95L,G285G(L95L)
286,A,A,A,96,A286A,identical,ACC,ACC,T,T,T96T,A286A(T96T)
287,C,C,C,96,C287C,identical,ACC,ACC,T,T,T96T,C287C(T96T)
288,C,C,C,96,C288C,identical,ACC,ACC,T,T,T96T,C288C(T96T)
289,A,A,A,97,A289A,identical,ATT,ATT,I,I,I97I,A289A(I97I)
290,T,T,T,97,T290T,identical,ATT,ATT,I,I,I97I,T290T(I97I)
291,T,T,T,97,T291T,identical,ATT,ATT,I,I,I97I,T291T(I97I)
292,A,A,A,98,A292A,identical,AGC,AGC,S,S,S98S,A292A(S98S)
293,G,G,G,98,G293G,identical,AGC,AGC,S,S,S98S,G293G(S98S)
294,C,C,C,98,C294C,identical,AGC,AGC,S,S,S98S,C294C(S98S)
295,G,G,N,99,N295G,different,NNN,GGC,-,G,-99G,N295G(-99G)
296,G,G,N,99,N296G,different,NNN,GGC,-,G,-99G,N296G(-99G)
297,C,C,N,99,N297C,different,NNN,GGC,-,G,-99G,N297C(-99G)
298,C,C,C,100,C298C,identical,CTG,CTG,L,L,L100L,C298C(L100L)
299,T,T,T,100,T299T,identical,CTG,CTG,L,L,L100L,T299T(L100L)
300,G,G,G,100,G300G,identical,CTG,CTG,L,L,L100L,G300G(L100L)
301,G,G,N,101,N301G,different,NNN,GAA,-,E,-101E,N301G(-101E)
302,A,A,N,101,N302A,different,NNN,GAA,-,E,-101E,N302A(-101E)
303,A,A,N,101,N303A,different,NNN,GAA,-,E,-101E,N303A(-101E)
304,C,C,C,102,C304C,identical,CCG,CCG,P,P,P102P,C304C(P102P)
305,C,C,C,102,C305C,identical,CCG,CCG,P,P,P102P,C305C(P102P)
306,G,G,G,102,G306G,identical,CCG,CCG,P,P,P102P,G306G(P102P)
307,G,G,G,103,G307G,identical,GAA,GAA,E,E,E103E,G307G(E103E)
308,A,A,A,103,A308A,identical,GAA,GAA,E,E,E103E,A308A(E103E)
309,A,A,A,103,A309A,identical,GAA,GAA,E,E,E103E,A309A(E103E)
310,G,G,G,104,G310G,identical,GAT,GAT,D,D,D104D,G310G(D104D)
311,A,A,A,104,A311A,identical,GAT,GAT,D,D,D104D,A311A(D104D)
312,T,T,T,104,T312T,identical,GAT,GAT,D,D,D104D,T312T(D104D)
313,T,T,T,105,T313T,identical,TTT,TTT,F,F,F105F,T313T(F105F)
314,T,T,T,105,T314T,identical,TTT,TTT,F,F,F105F,T314T(F105F)
315,T,T,T,105,T315T,identical,TTT,TTT,F,F,F105F,T315T(F105F)
316,G,G,G,106,G316G,identical,GCA,GCA,A,A,A106A,G316G(A106A)
317,C,C,C,106,C317C,identical,GCA,GCA,A,A,A106A,C317C(A106A)
318,A,A,A,106,A318A,identical,GCA,GCA,A,A,A106A,A318A(A106A)
319,G,G,N,107,N319G,different,NNN,GAT,-,D,-107D,N319G(-107D)
320,A,A,N,107,N320A,different,NNN,GAT,-,D,-107D,N320A(-107D)
321,T,T,N,107,N321T,different,NNN,GAT,-,D,-107D,N321T(-107D)
322,T,T,T,108,T322T,identical,TAT,TAT,Y,Y,Y108Y,T322T(Y108Y)
323,A,A,A,108,A323A,identical,TAT,TAT,Y,Y,Y108Y,A323A(Y108Y)
324,T,T,T,108,T324T,identical,TAT,TAT,Y,Y,Y108Y,T324T(Y108Y)
325,T,T,T,109,T325T,identical,TAC,TAC,Y,Y,Y109Y,T325T(Y109Y)
326,A,A,A,109,A326A,identical,TAC,TAC,Y,Y,Y109Y,A326A(Y109Y)
327,C,C,C,109,C327C,identical,TAC,TAC,Y,Y,Y109Y,C327C(Y109Y)
328,T,T,T,110,T328T,identical,TGT,TGT,C,C,C110C,T328T(C110C)
329,G,G,G,110,G329G,identical,TGT,TGT,C,C,C110C,G329G(C110C)
330,T,T,T,110,T330T,identical,TGT,TGT,C,C,C110C,T330T(C110C)
331,C,C,C,111,C331C,identical,CAG,CAG,Q,Q,Q111Q,C331C(Q111Q)
332,A,A,A,111,A332A,identical,CAG,CAG,Q,Q,Q111Q,A332A(Q111Q)
333,G,G,G,111,G333G,identical,CAG,CAG,Q,Q,Q111Q,G333G(Q111Q)
334,C,C,C,112,C334C,identical,CAG,CAG,Q,Q,Q112Q,C334C(Q112Q)
335,A,A,A,112,A335A,identical,CAG,CAG,Q,Q,Q112Q,A335A(Q112Q)
336,G,G,G,112,G336G,identical,CAG,CAG,Q,Q,Q112Q,G336G(Q112Q)
337,A,A,A,113,A337A,identical,AGC,AGC,S,S,S113S,A337A(S113S)
338,G,G,G,113,G338G,identical,AGC,AGC,S,S,S113S,G338G(S113S)
339,C,C,C,113,C339C,identical,AGC,AGC,S,S,S113S,C339C(S113S)
340,A,A,A,114,A340A,identical,AGC,AGC,S,S,S114S,A340A(S114S)
341,G,G,G,114,G341G,identical,AGC,AGC,S,S,S114S,G341G(S114S)
342,C,C,C,114,C342C,identical,AGC,AGC,S,S,S114S,C342C(S114S)
343,A,A,A,115,A343A,identical,AAT,AAT,N,N,N115N,A343A(N115N)
344,A,A,A,115,A344A,identical,AAT,AAT,N,N,N115N,A344A(N115N)
345,T,T,T,115,T345T,identical,AAT,AAT,N,N,N115N,T345T(N115N)
346,T,T,T,116,T346T,identical,TGG,TGG,W,W,W116W,T346T(W116W)
347,G,G,G,116,G347G,identical,TGG,TGG,W,W,W116W,G347G(W116W)
348,G,G,G,116,G348G,identical,TGG,TGG,W,W,W116W,G348G(W116W)
349,C,C,C,117,C349C,identical,CCT,CCT,P,P,P117P,C349C(P117P)
350,C,C,C,117,C350C,identical,CCT,CCT,P,P,P117P,C350C(P117P)
351,T,T,T,117,T351T,identical,CCT,CCT,P,P,P117P,T351T(P117P)
352,C,C,C,118,C352C,identical,CGT,CGT,R,R,R118R,C352C(R118R)
353,G,G,G,118,G353G,identical,CGT,CGT,R,R,R118R,G353G(R118R)
354,T,T,T,118,T354T,identical,CGT,CGT,R,R,R118R,T354T(R118R)
355,A,A,A,119,A355A,identical,ACC,ACC,T,T,T119T,A355A(T119T)
356,C,C,C,119,C356C,identical,ACC,ACC,T,T,T119T,C356C(T119T)
357,C,C,C,119,C357C,identical,ACC,ACC,T,T,T119T,C357C(T119T)
358,T,T,T,120,T358T,identical,TTT,TTT,F,F,F120F,T358T(F120F)
359,T,T,T,120,T359T,identical,TTT,TTT,F,F,F120F,T359T(F120F)
360,T,T,T,120,T360T,identical,TTT,TTT,F,F,F120F,T360T(F120F)
361,G,G,G,121,G361G,identical,GGC,GGC,G,G,G121G,G361G(G121G)
362,G,G,G,121,G362G,identical,GGC,GGC,G,G,G121G,G362G(G121G)
363,C,C,C,121,C363C,identical,GGC,GGC,G,G,G121G,C363C(G121G)
364,C,C,N,122,N364C,different,NNN,CAG,-,Q,-122Q,N364C(-122Q)
365,A,A,N,122,N365A,different,NNN,CAG,-,Q,-122Q,N365A(-122Q)
366,G,G,N,122,N366G,different,NNN,CAG,-,Q,-122Q,N366G(-122Q)
367,G,G,G,123,G367G,identical,GGC,GGC,G,G,G123G,G367G(G123G)
368,G,G,G,123,G368G,identical,GGC,GGC,G,G,G123G,G368G(G123G)
369,C,C,C,123,C369C,identical,GGC,GGC,G,G,G123G,C369C(G123G)
370,A,A,A,124,A370A,identical,ACC,ACC,T,T,T124T,A370A(T124T)
371,C,C,C,124,C371C,identical,ACC,ACC,T,T,T124T,C371C(T124T)
372,C,C,C,124,C372C,identical,ACC,ACC,T,T,T124T,C372C(T124T)
373,A,A,A,125,A373A,identical,AAA,AAA,K,K,K125K,A373A(K125K)
374,A,A,A,125,A374A,identical,AAA,AAA,K,K,K125K,A374A(K125K)
375,A,A,A,125,A375A,identical,AAA,AAA,K,K,K125K,A375A(K125K)
376,G,G,G,126,G376G,identical,GTT,GTT,V,V,V126V,G376G(V126V)
377,T,T,T,126,T377T,identical,GTT,GTT,V,V,V126V,T377T(V126V)
378,T,T,T,126,T378T,identical,GTT,GTT,V,V,V126V,T378T(V126V)
379,G,G,G,127,G379G,identical,GAA,GAA,E,E,E127E,G379G(E127E)
380,A,A,A,127,A380A,identical,GAA,GAA,E,E,E127E,A380A(E127E)
381,A,A,A,127,A381A,identical,GAA,GAA,E,E,E127E,A381A(E127E)
382,A,A,A,128,A382A,identical,ATT,ATT,I,I,I128I,A382A(I128I)
383,T,T,T,128,T383T,identical,ATT,ATT,I,I,I128I,T383T(I128I)
384,T,T,T,128,T384T,identical,ATT,ATT,I,I,I128I,T384T(I128I)
385,A,A,A,129,A385A,identical,AAA,AAA,K,K,K129K,A385A(K129K)
386,A,A,A,129,A386A,identical,AAA,AAA,K,K,K129K,A386A(K129K)
387,A,A,A,129,A387A,identical,AAA,AAA,K,K,K129K,A387A(K129K)
388,G,G,G,130,G388G,identical,GCA,GCA,A,A,A130A,G388G(A130A)
389,C,C,C,130,C389C,identical,GCA,GCA,A,A,A130A,C389C(A130A)
390,A,A,A,130,A390A,identical,GCA,GCA,A,A,A130A,A390A(A130A)
391,G,G,G,131,G391G,identical,GCC,GCC,A,A,A131A,G391G(A131A)
392,C,C,C,131,C392C,identical,GCC,GCC,A,A,A131A,C392C(A131A)
393,C,C,C,131,C393C,identical,GCC,GCC,A,A,A131A,C393C(A131A)
394,G,G,G,132,G394G,identical,GGT,GGT,G,G,G132G,G394G(G132G)
395,G,G,G,132,G395G,identical,GGT,GGT,G,G,G132G,G395G(G132G)
396,T,T,T,132,T396T,identical,GGT,GGT,G,G,G132G,T396T(G132G)
397,G,G,G,133,G397G,identical,GGT,GGT,G,G,G133G,G397G(G133G)
398,G,G,G,133,G398G,identical,GGT,GGT,G,G,G133G,G398G(G133G)
399,T,T,T,133,T399T,identical,GGT,GGT,G,G,G133G,T399T(G133G)
400,G,G,G,134,G400G,identical,GGC,GGC,G,G,G134G,G400G(G134G)
401,G,G,G,134,G401G,identical,GGC,GGC,G,G,G134G,G401G(G134G)
402,C,C,C,134,C402C,identical,GGC,GGC,G,G,G134G,C402C(G134G)
403,G,G,G,135,G403G,identical,GGT,GGT,G,G,G135G,G403G(G135G)
404,G,G,G,135,G404G,identical,GGT,GGT,G,G,G135G,G404G(G135G)
405,T,T,T,135,T405T,identical,GGT,GGT,G,G,G135G,T405T(G135G)
406,T,T,T,136,T406T,identical,TCA,TCA,S,S,S136S,T406T(S136S)
407,C,C,C,136,C407C,identical,TCA,TCA,S,S,S136S,C407C(S136S)
408,A,A,A,136,A408A,identical,TCA,TCA,S,S,S136S,A408A(S136S)
409,G,G,G,137,G409G,identical,GGT,GGT,G,G,G137G,G409G(G137G)
410,G,G,G,137,G410G,identical,GGT,GGT,G,G,G137G,G410G(G137G)
411,T,T,T,137,T411T,identical,GGT,GGT,G,G,G137G,T411T(G137G)
412,G,G,G,138,G412G,identical,GGC,GGC,G,G,G138G,G412G(G138G)
413,G,G,G,138,G413G,identical,GGC,GGC,G,G,G138G,G413G(G138G)
414,C,C,C,138,C414C,identical,GGC,GGC,G,G,G138G,C414C(G138G)
415,G,G,G,139,G415G,identical,GGT,GGT,G,G,G139G,G415G(G139G)
416,G,G,G,139,G416G,identical,GGT,GGT,G,G,G139G,G416G(G139G)
417,T,T,T,139,T417T,identical,GGT,GGT,G,G,G139G,T417T(G139G)
418,G,G,G,140,G418G,identical,GGT,GGT,G,G,G140G,G418G(G140G)
419,G,G,G,140,G419G,identical,GGT,GGT,G,G,G140G,G419G(G140G)
420,T,T,T,140,T420T,identical,GGT,GGT,G,G,G140G,T420T(G140G)
421,A,A,A,141,A421A,identical,AGC,AGC,S,S,S141S,A421A(S141S)
422,G,G,G,141,G422G,identical,AGC,AGC,S,S,S141S,G422G(S141S)
423,C,C,C,141,C423C,identical,AGC,AGC,S,S,S141S,C423C(S141S)
424,G,G,G,142,G424G,identical,GGA,GGA,G,G,G142G,G424G(G142G)
425,G,G,G,142,G425G,identical,GGA,GGA,G,G,G142G,G425G(G142G)
426,A,A,A,142,A426A,identical,GGA,GGA,G,G,G142G,A426A(G142G)
427,G,G,G,143,G427G,identical,GGT,GGT,G,G,G143G,G427G(G143G)
428,G,G,G,143,G428G,identical,GGT,GGT,G,G,G143G,G428G(G143G)
429,T,T,T,143,T429T,identical,GGT,GGT,G,G,G143G,T429T(G143G)
430,G,G,G,144,G430G,identical,GGT,GGT,G,G,G144G,G430G(G144G)
431,G,G,G,144,G431G,identical,GGT,GGT,G,G,G144G,G431G(G144G)
432,T,T,T,144,T432T,identical,GGT,GGT,G,G,G144G,T432T(G144G)
433,G,G,G,145,G433G,identical,GGT,GGT,G,G,G145G,G433G(G145G)
434,G,G,G,145,G434G,identical,GGT,GGT,G,G,G145G,G434G(G145G)
435,T,T,T,145,T435T,identical,GGT,GGT,G,G,G145G,T435T(G145G)
436,A,A,A,146,A436A,identical,AGT,AGT,S,S,S146S,A436A(S146S)
437,G,G,G,146,G437G,identical,AGT,AGT,S,S,S146S,G437G(S146S)
438,T,T,T,146,T438T,identical,AGT,AGT,S,S,S146S,T438T(S146S)
439,C,C,C,147,C439C,identical,CAG,CAG,Q,Q,Q147Q,C439C(Q147Q)
440,A,A,A,147,A440A,identical,CAG,CAG,Q,Q,Q147Q,A440A(Q147Q)
441,G,G,G,147,G441G,identical,CAG,CAG,Q,Q,Q147Q,G441G(Q147Q)
442,G,G,G,148,G442G,identical,GTT,GTT,V,V,V148V,G442G(V148V)
443,T,T,T,148,T443T,identical,GTT,GTT,V,V,V148V,T443T(V148V)
444,T,T,T,148,T444T,identical,GTT,GTT,V,V,V148V,T444T(V148V)
445,C,C,C,149,C445C,identical,CAG,CAG,Q,Q,Q149Q,C445C(Q149Q)
446,A,A,A,149,A446A,identical,CAG,CAG,Q,Q,Q149Q,A446A(Q149Q)
447,G,G,G,149,G447G,identical,CAG,CAG,Q,Q,Q149Q,G447G(Q149Q)
448,C,C,C,150,C448C,identical,CTG,CTG,L,L,L150L,C448C(L150L)
449,T,T,T,150,T449T,identical,CTG,CTG,L,L,L150L,T449T(L150L)
450,G,G,G,150,G450G,identical,CTG,CTG,L,L,L150L,G450G(L150L)
451,G,G,G,151,G451G,identical,GTT,GTT,V,V,V151V,G451G(V151V)
452,T,T,T,151,T452T,identical,GTT,GTT,V,V,V151V,T452T(V151V)
453,T,T,T,151,T453T,identical,GTT,GTT,V,V,V151V,T453T(V151V)
454,G,G,G,152,G454G,identical,GAA,GAA,E,E,E152E,G454G(E152E)
455,A,A,A,152,A455A,identical,GAA,GAA,E,E,E152E,A455A(E152E)
456,A,A,A,152,A456A,identical,GAA,GAA,E,E,E152E,A456A(E152E)
457,A,A,A,153,A457A,identical,AGC,AGC,S,S,S153S,A457A(S153S)
458,G,G,G,153,G458G,identical,AGC,AGC,S,S,S153S,G458G(S153S)
459,C,C,C,153,C459C,identical,AGC,AGC,S,S,S153S,C459C(S153S)
460,G,G,G,154,G460G,identical,GGT,GGT,G,G,G154G,G460G(G154G)
461,G,G,G,154,G461G,identical,GGT,GGT,G,G,G154G,G461G(G154G)
462,T,T,T,154,T462T,identical,GGT,GGT,G,G,G154G,T462T(G154G)
463,G,G,G,155,G463G,identical,GGT,GGT,G,G,G155G,G463G(G155G)
464,G,G,G,155,G464G,identical,GGT,GGT,G,G,G155G,G464G(G155G)
465,T,T,T,155,T465T,identical,GGT,GGT,G,G,G155G,T465T(G155G)
466,G,G,G,156,G466G,identical,GGT,GGT,G,G,G156G,G466G(G156G)
467,G,G,G,156,G467G,identical,GGT,GGT,G,G,G156G,G467G(G156G)
468,T,T,T,156,T468T,identical,GGT,GGT,G,G,G156G,T468T(G156G)
469,G,G,G,157,G469G,identical,GTT,GTT,V,V,V157V,G469G(V157V)
470,T,T,T,157,T470T,identical,GTT,GTT,V,V,V157V,T470T(V157V)
471,T,T,T,157,T471T,identical,GTT,GTT,V,V,V157V,T471T(V157V)
472,G,G,G,158,G472G,identical,GTT,GTT,V,V,V158V,G472G(V158V)
473,T,T,T,158,T473T,identical,GTT,GTT,V,V,V158V,T473T(V158V)
474,T,T,T,158,T474T,identical,GTT,GTT,V,V,V158V,T474T(V158V)
475,C,C,C,159,C475C,identical,CAG,CAG,Q,Q,Q159Q,C475C(Q159Q)
476,A,A,A,159,A476A,identical,CAG,CAG,Q,Q,Q159Q,A476A(Q159Q)
477,G,G,G,159,G477G,identical,CAG,CAG,Q,Q,Q159Q,G477G(Q159Q)
478,C,C,C,160,C478C,identical,CCT,CCT,P,P,P160P,C478C(P160P)
479,C,C,C,160,C479C,identical,CCT,CCT,P,P,P160P,C479C(P160P)
480,T,T,T,160,T480T,identical,CCT,CCT,P,P,P160P,T480T(P160P)
481,G,G,G,161,G481G,identical,GGT,GGT,G,G,G161G,G481G(G161G)
482,G,G,G,161,G482G,identical,GGT,GGT,G,G,G161G,G482G(G161G)
483,T,T,T,161,T483T,identical,GGT,GGT,G,G,G161G,T483T(G161G)
484,G,G,N,162,N484G,different,NNN,GGC,-,G,-162G,N484G(-162G)
485,G,G,N,162,N485G,different,NNN,GGC,-,G,-162G,N485G(-162G)
486,C,C,N,162,N486C,different,NNN,GGC,-,G,-162G,N486C(-162G)
487,A,A,A,163,A487A,identical,AGC,AGC,S,S,S163S,A487A(S163S)
488,G,G,G,163,G488G,identical,AGC,AGC,S,S,S163S,G488G(S163S)
489,C,C,C,163,C489C,identical,AGC,AGC,S,S,S163S,C489C(S163S)
490,C,C,C,164,C490C,identical,CTG,CTG,L,L,L164L,C490C(L164L)
491,T,T,T,164,T491T,identical,CTG,CTG,L,L,L164L,T491T(L164L)
492,G,G,G,164,G492G,identical,CTG,CTG,L,L,L164L,G492G(L164L)
493,C,C,C,165,C493C,identical,CGT,CGT,R,R,R165R,C493C(R165R)
494,G,G,G,165,G494G,identical,CGT,CGT,R,R,R165R,G494G(R165R)
495,T,T,T,165,T495T,identical,CGT,CGT,R,R,R165R,T495T(R165R)
496,C,C,C,166,C496C,identical,CTG,CTG,L,L,L166L,C496C(L166L)
497,T,T,T,166,T497T,identical,CTG,CTG,L,L,L166L,T497T(L166L)
498,G,G,G,166,G498G,identical,CTG,CTG,L,L,L166L,G498G(L166L)
499,A,A,N,167,N499A,different,NNN,AGC,-,S,-167S,N499A(-167S)
500,G,G,N,167,N500G,different,NNN,AGC,-,S,-167S,N500G(-167S)
501,C,C,N,167,N501C,different,NNN,AGC,-,S,-167S,N501C(-167S)
502,T,T,T,168,T502T,identical,TGT,TGT,C,C,C168C,T502T(C168C)
503,G,G,G,168,G503G,identical,TGT,TGT,C,C,C168C,G503G(C168C)
504,T,T,T,168,T504T,identical,TGT,TGT,C,C,C168C,T504T(C168C)
505,A,A,N,169,N505A,different,NNN,AAA,-,K,-169K,N505A(-169K)
506,A,A,N,169,N506A,different,NNN,AAA,-,K,-169K,N506A(-169K)
507,A,A,N,169,N507A,different,NNN,AAA,-,K,-169K,N507A(-169K)
508,G,G,G,170,G508G,identical,GCA,GCA,A,A,A170A,G508G(A170A)
509,C,C,C,170,C509C,identical,GCA,GCA,A,A,A170A,C509C(A170A)
510,A,A,A,170,A510A,identical,GCA,GCA,A,A,A170A,A510A(A170A)
511,A,A,A,171,A511A,identical,AGC,AGC,S,S,S171S,A511A(S171S)
512,G,G,G,171,G512G,identical,AGC,AGC,S,S,S171S,G512G(S171S)
513,C,C,C,171,C513C,identical,AGC,AGC,S,S,S171S,C513C(S171S)
514,G,G,G,172,G514G,identical,GGT,GGT,G,G,G172G,G514G(G172G)
515,G,G,G,172,G515G,identical,GGT,GGT,G,G,G172G,G515G(G172G)
516,T,T,T,172,T516T,identical,GGT,GGT,G,G,G172G,T516T(G172G)
517,T,T,N,173,N517T,different,NNN,TTT,-,F,-173F,N517T(-173F)
518,T,T,N,173,N518T,different,NNN,TTT,-,F,-173F,N518T(-173F)
519,T,T,N,173,N519T,different,NNN,TTT,-,F,-173F,N519T(-173F)
520,A,A,A,174,A520A,identical,ACC,ACC,T,T,T174T,A520A(T174T)
521,C,C,C,174,C521C,identical,ACC,ACC,T,T,T174T,C521C(T174T)
522,C,C,C,174,C522C,identical,ACC,ACC,T,T,T174T,C522C(T174T)
523,T,T,T,175,T523T,identical,TTT,TTT,F,F,F175F,T523T(F175F)
524,T,T,T,175,T524T,identical,TTT,TTT,F,F,F175F,T524T(F175F)
525,T,T,T,175,T525T,identical,TTT,TTT,F,F,F175F,T525T(F175F)
526,A,A,A,176,A526A,identical,AGC,AGC,S,S,S176S,A526A(S176S)
527,G,G,G,176,G527G,identical,AGC,AGC,S,S,S176S,G527G(S176S)
528,C,C,C,176,C528C,identical,AGC,AGC,S,S,S176S,C528C(S176S)
529,A,A,A,177,A529A,identical,AAT,AAT,N,N,N177N,A529A(N177N)
530,A,A,A,177,A530A,identical,AAT,AAT,N,N,N177N,A530A(N177N)
531,T,T,T,177,T531T,identical,AAT,AAT,N,N,N177N,T531T(N177N)
532,A,A,A,178,A532A,identical,AGC,AGC,S,S,S178S,A532A(S178S)
533,G,G,G,178,G533G,identical,AGC,AGC,S,S,S178S,G533G(S178S)
534,C,C,C,178,C534C,identical,AGC,AGC,S,S,S178S,C534C(S178S)
535,G,G,G,179,G535G,identical,GGT,GGT,G,G,G179G,G535G(G179G)
536,G,G,G,179,G536G,identical,GGT,GGT,G,G,G179G,G536G(G179G)
537,T,T,T,179,T537T,identical,GGT,GGT,G,G,G179G,T537T(G179G)
538,A,A,A,180,A538A,identical,ATG,ATG,M,M,M180M,A538A(M180M)
539,T,T,T,180,T539T,identical,ATG,ATG,M,M,M180M,T539T(M180M)
540,G,G,G,180,G540G,identical,ATG,ATG,M,M,M180M,G540G(M180M)
541,C,C,C,181,C541C,identical,CAT,CAT,H,H,H181H,C541C(H181H)
542,A,A,A,181,A542A,identical,CAT,CAT,H,H,H181H,A542A(H181H)
543,T,T,T,181,T543T,identical,CAT,CAT,H,H,H181H,T543T(H181H)
544,T,T,T,182,T544T,identical,TGG,TGG,W,W,W182W,T544T(W182W)
545,G,G,G,182,G545G,identical,TGG,TGG,W,W,W182W,G545G(W182W)
546,G,G,G,182,G546G,identical,TGG,TGG,W,W,W182W,G546G(W182W)
547,G,G,G,183,G547G,identical,GTT,GTT,V,V,V183V,G547G(V183V)
548,T,T,T,183,T548T,identical,GTT,GTT,V,V,V183V,T548T(V183V)
549,T,T,T,183,T549T,identical,GTT,GTT,V,V,V183V,T549T(V183V)
550,C,C,C,184,C550C,identical,CGT,CGT,R,R,R184R,C550C(R184R)
551,G,G,G,184,G551G,identical,CGT,CGT,R,R,R184R,G551G(R184R)
552,T,T,T,184,T552T,identical,CGT,CGT,R,R,R184R,T552T(R184R)
553,C,C,C,185,C553C,identical,CAG,CAG,Q,Q,Q185Q,C553C(Q185Q)
554,A,A,A,185,A554A,identical,CAG,CAG,Q,Q,Q185Q,A554A(Q185Q)
555,G,G,G,185,G555G,identical,CAG,CAG,Q,Q,Q185Q,G555G(Q185Q)
556,G,G,G,186,G556G,identical,GCA,GCA,A,A,A186A,G556G(A186A)
557,C,C,C,186,C557C,identical,GCA,GCA,A,A,A186A,C557C(A186A)
558,A,A,A,186,A558A,identical,GCA,GCA,A,A,A186A,A558A(A186A)
559,C,C,C,187,C559C,identical,CCT,CCT,P,P,P187P,C559C(P187P)
560,C,C,C,187,C560C,identical,CCT,CCT,P,P,P187P,C560C(P187P)
561,T,T,T,187,T561T,identical,CCT,CCT,P,P,P187P,T561T(P187P)
562,G,G,G,188,G562G,identical,GGT,GGT,G,G,G188G,G562G(G188G)
563,G,G,G,188,G563G,identical,GGT,GGT,G,G,G188G,G563G(G188G)
564,T,T,T,188,T564T,identical,GGT,GGT,G,G,G188G,T564T(G188G)
565,A,A,A,189,A565A,identical,AAA,AAA,K,K,K189K,A565A(K189K)
566,A,A,A,189,A566A,identical,AAA,AAA,K,K,K189K,A566A(K189K)
567,A,A,A,189,A567A,identical,AAA,AAA,K,K,K189K,A567A(K189K)
568,G,G,G,190,G568G,identical,GGT,GGT,G,G,G190G,G568G(G190G)
569,G,G,G,190,G569G,identical,GGT,GGT,G,G,G190G,G569G(G190G)
570,T,T,T,190,T570T,identical,GGT,GGT,G,G,G190G,T570T(G190G)
571,C,C,C,191,C571C,identical,CTG,CTG,L,L,L191L,C571C(L191L)
572,T,T,T,191,T572T,identical,CTG,CTG,L,L,L191L,T572T(L191L)
573,G,G,G,191,G573G,identical,CTG,CTG,L,L,L191L,G573G(L191L)
574,G,G,G,192,G574G,identical,GAA,GAA,E,E,E192E,G574G(E192E)
575,A,A,A,192,A575A,identical,GAA,GAA,E,E,E192E,A575A(E192E)
576,A,A,A,192,A576A,identical,GAA,GAA,E,E,E192E,A576A(E192E)
577,T,T,T,193,T577T,identical,TGG,TGG,W,W,W193W,T577T(W193W)
578,G,G,G,193,G578G,identical,TGG,TGG,W,W,W193W,G578G(W193W)
579,G,G,G,193,G579G,identical,TGG,TGG,W,W,W193W,G579G(W193W)
580,G,G,G,194,G580G,identical,GTT,GTT,V,V,V194V,G580G(V194V)
581,T,T,T,194,T581T,identical,GTT,GTT,V,V,V194V,T581T(V194V)
582,T,T,T,194,T582T,identical,GTT,GTT,V,V,V194V,T582T(V194V)
583,G,G,N,195,N583G,different,NNN,GGC,-,G,-195G,N583G(-195G)
584,G,G,N,195,N584G,different,NNN,GGC,-,G,-195G,N584G(-195G)
585,C,C,N,195,N585C,different,NNN,GGC,-,G,-195G,N585C(-195G)
586,G,G,G,196,G586G,identical,GTT,GTT,V,V,V196V,G586G(V196V)
587,T,T,T,196,T587T,identical,GTT,GTT,V,V,V196V,T587T(V196V)
588,T,T,T,196,T588T,identical,GTT,GTT,V,V,V196V,T588T(V196V)
589,A,A,A,197,A589A,identical,ATT,ATT,I,I,I197I,A589A(I197I)
590,T,T,T,197,T590T,identical,ATT,ATT,I,I,I197I,T590T(I197I)
591,T,T,T,197,T591T,identical,ATT,ATT,I,I,I197I,T591T(I197I)
592,T,T,T,198,T592T,identical,TGG,TGG,W,W,W198W,T592T(W198W)
593,G,G,G,198,G593G,identical,TGG,TGG,W,W,W198W,G593G(W198W)
594,G,G,G,198,G594G,identical,TGG,TGG,W,W,W198W,G594G(W198W)
595,T,T,T,199,T595T,identical,TAT,TAT,Y,Y,Y199Y,T595T(Y199Y)
596,A,A,A,199,A596A,identical,TAT,TAT,Y,Y,Y199Y,A596A(Y199Y)
597,T,T,T,199,T597T,identical,TAT,TAT,Y,Y,Y199Y,T597T(Y199Y)
598,G,G,G,200,G598G,identical,GAT,GAT,D,D,D200D,G598G(D200D)
599,A,A,A,200,A599A,identical,GAT,GAT,D,D,D200D,A599A(D200D)
600,T,T,T,200,T600T,identical,GAT,GAT,D,D,D200D,T600T(D200D)
601,G,G,G,201,G601G,identical,GGT,GGT,G,G,G201G,G601G(G201G)
602,G,G,G,201,G602G,identical,GGT,GGT,G,G,G201G,G602G(G201G)
603,T,T,T,201,T603T,identical,GGT,GGT,G,G,G201G,T603T(G201G)
604,A,A,A,202,A604A,identical,AGC,AGC,S,S,S202S,A604A(S202S)
605,G,G,G,202,G605G,identical,AGC,AGC,S,S,S202S,G605G(S202S)
606,C,C,C,202,C606C,identical,AGC,AGC,S,S,S202S,C606C(S202S)
607,A,A,A,203,A607A,identical,AAA,AAA,K,K,K203K,A607A(K203K)
608,A,A,A,203,A608A,identical,AAA,AAA,K,K,K203K,A608A(K203K)
609,A,A,A,203,A609A,identical,AAA,AAA,K,K,K203K,A609A(K203K)
610,C,C,C,204,C610C,identical,CGC,CGC,R,R,R204R,C610C(R204R)
611,G,G,G,204,G611G,identical,CGC,CGC,R,R,R204R,G611G(R204R)
612,C,C,C,204,C612C,identical,CGC,CGC,R,R,R204R,C612C(R204R)
613,T,T,T,205,T613T,identical,TAT,TAT,Y,Y,Y205Y,T613T(Y205Y)
614,A,A,A,205,A614A,identical,TAT,TAT,Y,Y,Y205Y,A614A(Y205Y)
615,T,T,T,205,T615T,identical,TAT,TAT,Y,Y,Y205Y,T615T(Y205Y)
616,T,T,T,206,T616T,identical,TAT,TAT,Y,Y,Y206Y,T616T(Y206Y)
617,A,A,A,206,A617A,identical,TAT,TAT,Y,Y,Y206Y,A617A(Y206Y)
618,T,T,T,206,T618T,identical,TAT,TAT,Y,Y,Y206Y,T618T(Y206Y)
619,G,G,G,207,G619G,identical,GCC,GCC,A,A,A207A,G619G(A207A)
620,C,C,C,207,C620C,identical,GCC,GCC,A,A,A207A,C620C(A207A)
621,C,C,C,207,C621C,identical,GCC,GCC,A,A,A207A,C621C(A207A)
622,G,G,G,208,G622G,identical,GAT,GAT,D,D,D208D,G622G(D208D)
623,A,A,A,208,A623A,identical,GAT,GAT,D,D,D208D,A623A(D208D)
624,T,T,T,208,T624T,identical,GAT,GAT,D,D,D208D,T624T(D208D)
625,A,A,A,209,A625A,identical,AGC,AGC,S,S,S209S,A625A(S209S)
626,G,G,G,209,G626G,identical,AGC,AGC,S,S,S209S,G626G(S209S)
627,C,C,C,209,C627C,identical,AGC,AGC,S,S,S209S,C627C(S209S)
628,G,G,G,210,G628G,identical,GTT,GTT,V,V,V210V,G628G(V210V)
629,T,T,T,210,T629T,identical,GTT,GTT,V,V,V210V,T629T(V210V)
630,T,T,T,210,T630T,identical,GTT,GTT,V,V,V210V,T630T(V210V)
631,A,A,A,211,A631A,identical,AAA,AAA,K,K,K211K,A631A(K211K)
632,A,A,A,211,A632A,identical,AAA,AAA,K,K,K211K,A632A(K211K)
633,A,A,A,211,A633A,identical,AAA,AAA,K,K,K211K,A633A(K211K)
634,G,G,G,212,G634G,identical,GGT,GGT,G,G,G212G,G634G(G212G)
635,G,G,G,212,G635G,identical,GGT,GGT,G,G,G212G,G635G(G212G)
636,T,T,T,212,T636T,identical,GGT,GGT,G,G,G212G,T636T(G212G)
637,C,C,C,213,C637C,identical,CGT,CGT,R,R,R213R,C637C(R213R)
638,G,G,G,213,G638G,identical,CGT,CGT,R,R,R213R,G638G(R213R)
639,T,T,T,213,T639T,identical,CGT,CGT,R,R,R213R,T639T(R213R)
640,T,T,T,214,T640T,identical,TTT,TTT,F,F,F214F,T640T(F214F)
641,T,T,T,214,T641T,identical,TTT,TTT,F,F,F214F,T641T(F214F)
642,T,T,T,214,T642T,identical,TTT,TTT,F,F,F214F,T642T(F214F)
643,A,A,A,215,A643A,identical,ACC,ACC,T,T,T215T,A643A(T215T)
644,C,C,C,215,C644C,identical,ACC,ACC,T,T,T215T,C644C(T215T)
645,C,C,C,215,C645C,identical,ACC,ACC,T,T,T215T,C645C(T215T)
646,A,A,A,216,A646A,identical,ATT,ATT,I,I,I216I,A646A(I216I)
647,T,T,T,216,T647T,identical,ATT,ATT,I,I,I216I,T647T(I216I)
648,T,T,T,216,T648T,identical,ATT,ATT,I,I,I216I,T648T(I216I)
649,A,A,A,217,A649A,identical,AGC,AGC,S,S,S217S,A649A(S217S)
650,G,G,G,217,G650G,identical,AGC,AGC,S,S,S217S,G650G(S217S)
651,C,C,C,217,C651C,identical,AGC,AGC,S,S,S217S,C651C(S217S)
652,C,C,C,218,C652C,identical,CGT,CGT,R,R,R218R,C652C(R218R)
653,G,G,G,218,G653G,identical,CGT,CGT,R,R,R218R,G653G(R218R)
654,T,T,T,218,T654T,identical,CGT,CGT,R,R,R218R,T654T(R218R)
655,G,G,G,219,G655G,identical,GAT,GAT,D,D,D219D,G655G(D219D)
656,A,A,A,219,A656A,identical,GAT,GAT,D,D,D219D,A656A(D219D)
657,T,T,T,219,T657T,identical,GAT,GAT,D,D,D219D,T657T(D219D)
658,A,A,A,220,A658A,identical,AAC,AAC,N,N,N220N,A658A(N220N)
659,A,A,A,220,A659A,identical,AAC,AAC,N,N,N220N,A659A(N220N)
660,C,C,C,220,C660C,identical,AAC,AAC,N,N,N220N,C660C(N220N)
661,A,A,A,221,A661A,identical,AGC,AGC,S,S,S221S,A661A(S221S)
662,G,G,G,221,G662G,identical,AGC,AGC,S,S,S221S,G662G(S221S)
663,C,C,C,221,C663C,identical,AGC,AGC,S,S,S221S,C663C(S221S)
664,A,A,A,222,A664A,identical,AAA,AAA,K,K,K222K,A664A(K222K)
665,A,A,A,222,A665A,identical,AAA,AAA,K,K,K222K,A665A(K222K)
666,A,A,A,222,A666A,identical,AAA,AAA,K,K,K222K,A666A(K222K)
667,A,A,A,223,A667A,identical,AAT,AAT,N,N,N223N,A667A(N223N)
668,A,A,A,223,A668A,identical,AAT,AAT,N,N,N223N,A668A(N223N)
669,T,T,T,223,T669T,identical,AAT,AAT,N,N,N223N,T669T(N223N)
670,A,A,A,224,A670A,identical,ACC,ACC,T,T,T224T,A670A(T224T)
671,C,C,C,224,C671C,identical,ACC,ACC,T,T,T224T,C671C(T224T)
672,C,C,C,224,C672C,identical,ACC,ACC,T,T,T224T,C672C(T224T)
673,C,C,C,225,C673C,identical,CTG,CTG,L,L,L225L,C673C(L225L)
674,T,T,T,225,T674T,identical,CTG,CTG,L,L,L225L,T674T(L225L)
675,G,G,G,225,G675G,identical,CTG,CTG,L,L,L225L,G675G(L225L)
676,T,T,N,226,N676T,different,NNN,TTT,-,F,-226F,N676T(-226F)
677,T,T,N,226,N677T,different,NNN,TTT,-,F,-226F,N677T(-226F)
678,T,T,N,226,N678T,different,NNN,TTT,-,F,-226F,N678T(-226F)
679,C,C,C,227,C679C,identical,CTG,CTG,L,L,L227L,C679C(L227L)
680,T,T,T,227,T680T,identical,CTG,CTG,L,L,L227L,T680T(L227L)
681,G,G,G,227,G681G,identical,CTG,CTG,L,L,L227L,G681G(L227L)
682,C,C,C,228,C682C,identical,CAG,CAG,Q,Q,Q228Q,C682C(Q228Q)
683,A,A,A,228,A683A,identical,CAG,CAG,Q,Q,Q228Q,A683A(Q228Q)
684,G,G,G,228,G684G,identical,CAG,CAG,Q,Q,Q228Q,G684G(Q228Q)
685,A,A,A,229,A685A,identical,ATG,ATG,M,M,M229M,A685A(M229M)
686,T,T,T,229,T686T,identical,ATG,ATG,M,M,M229M,T686T(M229M)
687,G,G,G,229,G687G,identical,ATG,ATG,M,M,M229M,G687G(M229M)
688,A,A,A,230,A688A,identical,AAT,AAT,N,N,N230N,A688A(N230N)
689,A,A,A,230,A689A,identical,AAT,AAT,N,N,N230N,A689A(N230N)
690,T,T,T,230,T690T,identical,AAT,AAT,N,N,N230N,T690T(N230N)
691,A,A,A,231,A691A,identical,AGT,AGT,S,S,S231S,A691A(S231S)
692,G,G,G,231,G692G,identical,AGT,AGT,S,S,S231S,G692G(S231S)
693,T,T,T,231,T693T,identical,AGT,AGT,S,S,S231S,T693T(S231S)
694,C,C,C,232,C694C,identical,CTG,CTG,L,L,L232L,C694C(L232L)
695,T,T,T,232,T695T,identical,CTG,CTG,L,L,L232L,T695T(L232L)
696,G,G,G,232,G696G,identical,CTG,CTG,L,L,L232L,G696G(L232L)
697,C,C,C,233,C697C,identical,CGT,CGT,R,R,R233R,C697C(R233R)
698,G,G,G,233,G698G,identical,CGT,CGT,R,R,R233R,G698G(R233R)
699,T,T,T,233,T699T,identical,CGT,CGT,R,R,R233R,T699T(R233R)
700,G,G,G,234,G700G,identical,GCA,GCA,A,A,A234A,G700G(A234A)
701,C,C,C,234,C701C,identical,GCA,GCA,A,A,A234A,C701C(A234A)
702,A,A,A,234,A702A,identical,GCA,GCA,A,A,A234A,A702A(A234A)
703,G,G,G,235,G703G,identical,GAG,GAG,E,E,E235E,G703G(E235E)
704,A,A,A,235,A704A,identical,GAG,GAG,E,E,E235E,A704A(E235E)
705,G,G,G,235,G705G,identical,GAG,GAG,E,E,E235E,G705G(E235E)
706,G,G,G,236,G706G,identical,GAT,GAT,D,D,D236D,G706G(D236D)
707,A,A,A,236,A707A,identical,GAT,GAT,D,D,D236D,A707A(D236D)
708,T,T,T,236,T708T,identical,GAT,GAT,D,D,D236D,T708T(D236D)
709,A,A,A,237,A709A,identical,ACC,ACC,T,T,T237T,A709A(T237T)
710,C,C,C,237,C710C,identical,ACC,ACC,T,T,T237T,C710C(T237T)
711,C,C,C,237,C711C,identical,ACC,ACC,T,T,T237T,C711C(T237T)
712,G,G,G,238,G712G,identical,GCA,GCA,A,A,A238A,G712G(A238A)
713,C,C,C,238,C713C,identical,GCA,GCA,A,A,A238A,C713C(A238A)
714,A,A,A,238,A714A,identical,GCA,GCA,A,A,A238A,A714A(A238A)
715,G,G,G,239,G715G,identical,GTG,GTG,V,V,V239V,G715G(V239V)
716,T,T,T,239,T716T,identical,GTG,GTG,V,V,V239V,T716T(V239V)
717,G,G,G,239,G717G,identical,GTG,GTG,V,V,V239V,G717G(V239V)
718,T,T,T,240,T718T,identical,TAT,TAT,Y,Y,Y240Y,T718T(Y240Y)
719,A,A,A,240,A719A,identical,TAT,TAT,Y,Y,Y240Y,A719A(Y240Y)
720,T,T,T,240,T720T,identical,TAT,TAT,Y,Y,Y240Y,T720T(Y240Y)
721,T,T,T,241,T721T,identical,TAT,TAT,Y,Y,Y241Y,T721T(Y241Y)
722,A,A,A,241,A722A,identical,TAT,TAT,Y,Y,Y241Y,A722A(Y241Y)
723,T,T,T,241,T723T,identical,TAT,TAT,Y,Y,Y241Y,T723T(Y241Y)
724,T,T,T,242,T724T,identical,TGT,TGT,C,C,C242C,T724T(C242C)
725,G,G,G,242,G725G,identical,TGT,TGT,C,C,C242C,G725G(C242C)
726,T,T,T,242,T726T,identical,TGT,TGT,C,C,C242C,T726T(C242C)
727,G,G,G,243,G727G,identical,GCA,GCA,A,A,A243A,G727G(A243A)
728,C,C,C,243,C728C,identical,GCA,GCA,A,A,A243A,C728C(A243A)
729,A,A,A,243,A729A,identical,GCA,GCA,A,A,A243A,A729A(A243A)
730,A,A,N,244,N730A,different,NNN,ACC,-,T,-244T,N730A(-244T)
731,C,C,N,244,N731C,different,NNN,ACC,-,T,-244T,N731C(-244T)
732,C,C,N,244,N732C,different,NNN,ACC,-,T,-244T,N732C(-244T)
733,A,A,A,245,A733A,identical,AAT,AAT,N,N,N245N,A733A(N245N)
734,A,A,A,245,A734A,identical,AAT,AAT,N,N,N245N,A734A(N245N)
735,T,T,T,245,T735T,identical,AAT,AAT,N,N,N245N,T735T(N245N)
736,G,G,G,246,G736G,identical,GAT,GAT,D,D,D246D,G736G(D246D)
737,A,A,A,246,A737A,identical,GAT,GAT,D,D,D246D,A737A(D246D)
738,T,T,T,246,T738T,identical,GAT,GAT,D,D,D246D,T738T(D246D)
739,G,G,G,247,G739G,identical,GAT,GAT,D,D,D247D,G739G(D247D)
740,A,A,A,247,A740A,identical,GAT,GAT,D,D,D247D,A740A(D247D)
741,T,T,T,247,T741T,identical,GAT,GAT,D,D,D247D,T741T(D247D)
742,T,T,T,248,T742T,identical,TAT,TAT,Y,Y,Y248Y,T742T(Y248Y)
743,A,A,A,248,A743A,identical,TAT,TAT,Y,Y,Y248Y,A743A(Y248Y)
744,T,T,T,248,T744T,identical,TAT,TAT,Y,Y,Y248Y,T744T(Y248Y)
745,T,T,T,249,T745T,identical,TGG,TGG,W,W,W249W,T745T(W249W)
746,G,G,G,249,G746G,identical,TGG,TGG,W,W,W249W,G746G(W249W)
747,G,G,G,249,G747G,identical,TGG,TGG,W,W,W249W,G747G(W249W)
748,G,G,G,250,G748G,identical,GGT,GGT,G,G,G250G,G748G(G250G)
749,G,G,G,250,G749G,identical,GGT,GGT,G,G,G250G,G749G(G250G)
750,T,T,T,250,T750T,identical,GGT,GGT,G,G,G250G,T750T(G250G)
751,C,C,C,251,C751C,identical,CAG,CAG,Q,Q,Q251Q,C751C(Q251Q)
752,A,A,A,251,A752A,identical,CAG,CAG,Q,Q,Q251Q,A752A(Q251Q)
753,G,G,G,251,G753G,identical,CAG,CAG,Q,Q,Q251Q,G753G(Q251Q)
754,G,G,G,252,G754G,identical,GGC,GGC,G,G,G252G,G754G(G252G)
755,G,G,G,252,G755G,identical,GGC,GGC,G,G,G252G,G755G(G252G)
756,C,C,C,252,C756C,identical,GGC,GGC,G,G,G252G,C756C(G252G)
757,A,A,A,253,A757A,identical,ACC,ACC,T,T,T253T,A757A(T253T)
758,C,C,C,253,C758C,identical,ACC,ACC,T,T,T253T,C758C(T253T)
759,C,C,C,253,C759C,identical,ACC,ACC,T,T,T253T,C759C(T253T)
760,C,C,C,254,C760C,identical,CTG,CTG,L,L,L254L,C760C(L254L)
761,T,T,T,254,T761T,identical,CTG,CTG,L,L,L254L,T761T(L254L)
762,G,G,G,254,G762G,identical,CTG,CTG,L,L,L254L,G762G(L254L)
763,G,G,G,255,G763G,identical,GTT,GTT,V,V,V255V,G763G(V255V)
764,T,T,T,255,T764T,identical,GTT,GTT,V,V,V255V,T764T(V255V)
765,T,T,T,255,T765T,identical,GTT,GTT,V,V,V255V,T765T(V255V)
766,A,A,A,256,A766A,identical,ACC,ACC,T,T,T256T,A766A(T256T)
767,C,C,C,256,C767C,identical,ACC,ACC,T,T,T256T,C767C(T256T)
768,C,C,C,256,C768C,identical,ACC,ACC,T,T,T256T,C768C(T256T)
769,G,G,G,257,G769G,identical,GTT,GTT,V,V,V257V,G769G(V257V)
770,T,T,T,257,T770T,identical,GTT,GTT,V,V,V257V,T770T(V257V)
771,T,T,T,257,T771T,identical,GTT,GTT,V,V,V257V,T771T(V257V)
772,A,A,A,258,A772A,identical,AGC,AGC,S,S,S258S,A772A(S258S)
773,G,G,G,258,G773G,identical,AGC,AGC,S,S,S258S,G773G(S258S)
774,C,C,C,258,C774C,identical,AGC,AGC,S,S,S258S,C774C(S258S)
775,A,A,A,259,A775A,identical,AGC,AGC,S,S,S259S,A775A(S259S)
776,G,G,G,259,G776G,identical,AGC,AGC,S,S,S259S,G776G(S259S)
777,C,C,C,259,C777C,identical,AGC,AGC,S,S,S259S,C777C(S259S)
778,G,G,G,260,G778G,identical,GCC,GCC,A,A,A260A,G778G(A260A)
779,C,C,C,260,C779C,identical,GCC,GCC,A,A,A260A,C779C(A260A)
780,C,C,C,260,C780C,identical,GCC,GCC,A,A,A260A,C780C(A260A)
781,G,G,G,261,G781G,identical,GCG,GCG,A,A,A261A,G781G(A261A)
782,C,C,C,261,C782C,identical,GCG,GCG,A,A,A261A,C782C(A261A)
783,G,G,G,261,G783G,identical,GCG,GCG,A,A,A261A,G783G(A261A)
784,G,G,G,262,G784G,identical,GAT,GAT,D,D,D262D,G784G(D262D)
785,A,A,A,262,A785A,identical,GAT,GAT,D,D,D262D,A785A(D262D)
786,T,T,T,262,T786T,identical,GAT,GAT,D,D,D262D,T786T(D262D)
787,T,T,T,263,T787T,identical,TAT,TAT,Y,Y,Y263Y,T787T(Y263Y)
788,A,A,A,263,A788A,identical,TAT,TAT,Y,Y,Y263Y,A788A(Y263Y)
789,T,T,T,263,T789T,identical,TAT,TAT,Y,Y,Y263Y,T789T(Y263Y)
790,A,A,A,264,A790A,identical,AAA,AAA,K,K,K264K,A790A(K264K)
791,A,A,A,264,A791A,identical,AAA,AAA,K,K,K264K,A791A(K264K)
792,A,A,A,264,A792A,identical,AAA,AAA,K,K,K264K,A792A(K264K)
793,G,G,G,265,G793G,identical,GAT,GAT,D,D,D265D,G793G(D265D)
794,A,A,A,265,A794A,identical,GAT,GAT,D,D,D265D,A794A(D265D)
795,T,T,T,265,T795T,identical,GAT,GAT,D,D,D265D,T795T(D265D)
796,G,G,G,266,G796G,identical,GAT,GAT,D,D,D266D,G796G(D266D)
797,A,A,A,266,A797A,identical,GAT,GAT,D,D,D266D,A797A(D266D)
798,T,T,T,266,T798T,identical,GAT,GAT,D,D,D266D,T798T(D266D)
799,G,G,G,267,G799G,identical,GAT,GAT,D,D,D267D,G799G(D267D)
800,A,A,A,267,A800A,identical,GAT,GAT,D,D,D267D,A800A(D267D)
801,T,T,T,267,T801T,identical,GAT,GAT,D,D,D267D,T801T(D267D)
802,G,G,G,268,G802G,identical,GAT,GAT,D,D,D268D,G802G(D268D)
803,A,A,A,268,A803A,identical,GAT,GAT,D,D,D268D,A803A(D268D)
804,T,T,T,268,T804T,identical,GAT,GAT,D,D,D268D,T804T(D268D)
805,A,A,A,269,A805A,identical,AAA,AAA,K,K,K269K,A805A(K269K)
806,A,A,A,269,A806A,identical,AAA,AAA,K,K,K269K,A806A(K269K)
807,A,A,A,269,A807A,identical,AAA,AAA,K,K,K269K,A807A(K269K)
808,C,C,C,270,C808C,identical,CAC,CAC,H,H,H270H,C808C(H270H)
809,A,A,A,270,A809A,identical,CAC,CAC,H,H,H270H,A809A(H270H)
810,C,C,C,270,C810C,identical,CAC,CAC,H,H,H270H,C810C(H270H)
811,C,C,C,271,C811C,identical,CAT,CAT,H,H,H271H,C811C(H271H)
812,A,A,A,271,A812A,identical,CAT,CAT,H,H,H271H,A812A(H271H)
813,T,T,T,271,T813T,identical,CAT,CAT,H,H,H271H,T813T(H271H)
814,C,C,C,272,C814C,identical,CAT,CAT,H,H,H272H,C814C(H272H)
815,A,A,A,272,A815A,identical,CAT,CAT,H,H,H272H,A815A(H272H)
816,T,T,T,272,T816T,identical,CAT,CAT,H,H,H272H,T816T(H272H)
817,C,C,C,273,C817C,identical,CAC,CAC,H,H,H273H,C817C(H273H)
818,A,A,A,273,A818A,identical,CAC,CAC,H,H,H273H,A818A(H273H)
819,C,C,C,273,C819C,identical,CAC,CAC,H,H,H273H,C819C(H273H)
820,C,C,C,274,C820C,identical,CAC,CAC,H,H,H274H,C820C(H274H)
821,A,A,A,274,A821A,identical,CAC,CAC,H,H,H274H,A821A(H274H)
822,C,C,C,274,C822C,identical,CAC,CAC,H,H,H274H,C822C(H274H)
823,C,C,C,275,C823C,identical,CAT,CAT,H,H,H275H,C823C(H275H)
824,A,A,A,275,A824A,identical,CAT,CAT,H,H,H275H,A824A(H275H)
825,T,T,T,275,T825T,identical,CAT,CAT,H,H,H275H,T825T(H275H)
826,T,T,T,276,T826T,identical,TAA,TAA,*,*,*276*,T826T(*276*)
827,A,A,A,276,A827A,identical,TAA,TAA,*,*,*276*,A827A(*276*)
828,A,A,A,276,A828A,identical,TAA,TAA,*,*,*276*,A828A(*276*)
